gene_id,chrom,bias_direction,fold-change,entrez_gene_id
ENSGACG00000000043,scaffold_243,F,>1.5,9413
ENSGACG00000000048,scaffold_757,M,>1.5,0
ENSGACG00000000065,scaffold_99,M,>2,2199
ENSGACG00000000102,scaffold_95,F,>2,4342
ENSGACG00000000190,scaffold_374,M,>1.5,NA
ENSGACG00000000242,scaffold_175,M,>2,130340
ENSGACG00000000251,scaffold_175,M,>1.5,23704
ENSGACG00000000261,scaffold_175,F,>1.2,10056
ENSGACG00000000278,scaffold_114,F,>1.2,9283
ENSGACG00000000296,scaffold_114,F,>1.5,0
ENSGACG00000000309,scaffold_27,F,>1.5,26354
ENSGACG00000000373,scaffold_131,F,>1.2,54853
ENSGACG00000000428,scaffold_80,F,>1.5,91646
ENSGACG00000000469,scaffold_80,F,>1.5,6605
ENSGACG00000000555,scaffold_27,M,>2,6821
ENSGACG00000000590,scaffold_90,F,>1.2,NA
ENSGACG00000000618,scaffold_27,M,>1.5,4035
ENSGACG00000000649,scaffold_205,M,>3,NA
ENSGACG00000000713,scaffold_27,M,>1.2,2583
ENSGACG00000000741,scaffold_27,F,>1.2,NA
ENSGACG00000000766,scaffold_27,M,>1.2,152273
ENSGACG00000000768,scaffold_47,M,>1.5,94031
ENSGACG00000000823,scaffold_27,M,>1.5,7867
ENSGACG00000000824,scaffold_27,M,>1.2,131669
ENSGACG00000000836,scaffold_27,M,>2,389119
ENSGACG00000000856,scaffold_197,F,>1.5,54606
ENSGACG00000000877,scaffold_47,F,>1.5,54914
ENSGACG00000000882,scaffold_27,F,>3,2876
ENSGACG00000000884,scaffold_27,F,>1.5,2177
ENSGACG00000000892,scaffold_47,F,>1.2,93587
ENSGACG00000000923,scaffold_157,M,>1.2,4881
ENSGACG00000000930,scaffold_27,F,>1.2,25917
ENSGACG00000000963,scaffold_27,F,>1.2,1434
ENSGACG00000000966,scaffold_47,F,>1.2,84448
ENSGACG00000000969,scaffold_47,F,>1.2,29063
ENSGACG00000000972,scaffold_37,F,>1.5,55915
ENSGACG00000000980,scaffold_27,F,>1.2,55193
ENSGACG00000000989,scaffold_27,F,>1.5,0
ENSGACG00000000990,scaffold_27,F,>1.2,3664
ENSGACG00000001071,scaffold_121,M,>2,0
ENSGACG00000001081,scaffold_150,F,>1.5,84549
ENSGACG00000001108,scaffold_150,F,>1.2,10105
ENSGACG00000001115,scaffold_121,M,>1.5,3764
ENSGACG00000001143,scaffold_27,M,>1.2,9696
ENSGACG00000001171,scaffold_27,M,>1.5,54751
ENSGACG00000001211,scaffold_27,M,>1.5,23254
ENSGACG00000001237,scaffold_27,F,>1.2,27154
ENSGACG00000001261,scaffold_224,M,>2,1573
ENSGACG00000001420,scaffold_115,M,>2,64091
ENSGACG00000001423,scaffold_115,M,>1.5,51365
ENSGACG00000001438,groupXVI,F,>1.2,NA
ENSGACG00000001446,groupXVI,M,>1.5,54020
ENSGACG00000001460,scaffold_111,F,>1.5,0
ENSGACG00000001482,scaffold_111,M,>3,NA
ENSGACG00000001488,groupXVI,F,>1.2,NA
ENSGACG00000001513,scaffold_27,F,>1.2,54991
ENSGACG00000001541,no longer in ensembl,F,>1.5,NA
ENSGACG00000001551,groupXVI,F,>1.5,84365
ENSGACG00000001563,groupXVI,F,>1.2,8886
ENSGACG00000001573,scaffold_27,M,>2,3700
ENSGACG00000001609,groupXVI,M,>1.5,1293
ENSGACG00000001672,scaffold_27,F,>1.5,51154
ENSGACG00000001700,groupXXI,M,>1.5,3688
ENSGACG00000001746,groupXVI,M,>1.2,23077
ENSGACG00000001750,scaffold_662,M,>3,0
ENSGACG00000001782,scaffold_132,F,>1.2,NA
ENSGACG00000001886,groupXVI,M,>2,1602
ENSGACG00000001888,scaffold_176,F,>1.5,51260
ENSGACG00000001922,groupX,F,>3,100133636
ENSGACG00000002016,scaffold_56,F,>1.2,83475
ENSGACG00000002051,groupXVI,M,>1.5,3676
ENSGACG00000002065,groupXVI,M,>2,6744
ENSGACG00000002118,groupX,F,>1.2,6135
ENSGACG00000002155,groupXXI,M,>1.5,10268
ENSGACG00000002159,groupV,M,>1.2,132
ENSGACG00000002164,groupXXI,F,>1.2,25983
ENSGACG00000002175,groupX,F,>1.5,NA
ENSGACG00000002183,groupXXI,M,>1.2,80344
ENSGACG00000002221,groupXIX,M,>1.2,57019
ENSGACG00000002246,groupVI,F,>1.5,55622
ENSGACG00000002250,groupXIX,M,>1.2,283849
ENSGACG00000002260,scaffold_54,M,>1.2,8522
ENSGACG00000002271,groupX,F,>1.2,286148
ENSGACG00000002276,groupXXI,F,>1.5,79711
ENSGACG00000002298,groupXVI,F,>1.5,58190
ENSGACG00000002320,groupXVI,F,>1.5,57181
ENSGACG00000002327,groupX,M,>1.5,NA
ENSGACG00000002329,groupX,F,>1.5,84967
ENSGACG00000002371,groupV,M,>1.5,51008
ENSGACG00000002375,groupV,M,>1.5,119504
ENSGACG00000002379,groupV,M,>3,54541
ENSGACG00000002381,groupXIX,M,>2,55107
ENSGACG00000002393,groupXVI,M,>1.5,7035
ENSGACG00000002401,groupXVI,M,>1.5,51454
ENSGACG00000002410,groupXIX,M,>1.5,1071
ENSGACG00000002423,groupVI,M,>1.2,0
ENSGACG00000002424,groupVI,F,>1.2,4931
ENSGACG00000002433,groupX,M,>2,348
ENSGACG00000002453,groupVI,F,>1.2,9533
ENSGACG00000002457,groupXIX,F,>2,51700
ENSGACG00000002469,groupXXI,F,>3,0
ENSGACG00000002511,groupXVI,M,>2,7145
ENSGACG00000002539,groupX,M,>1.2,374868
ENSGACG00000002540,groupXVI,M,>1.5,84812
ENSGACG00000002541,groupXIX,M,>2,NA
ENSGACG00000002542,groupV,M,>1.5,51363
ENSGACG00000002546,groupV,M,>1.5,4942
ENSGACG00000002601,groupXIX,F,>1.5,79918
ENSGACG00000002643,groupXXI,F,>1.5,22948
ENSGACG00000002648,groupXVI,F,>1.5,NA
ENSGACG00000002663,groupV,M,>1.5,5791
ENSGACG00000002690,groupXIX,F,>1.5,118460
ENSGACG00000002741,groupX,M,>1.5,2134
ENSGACG00000002749,groupXIX,M,>1.5,1573
ENSGACG00000002762,groupXII,M,>2,7871
ENSGACG00000002770,groupV,M,>3,NA
ENSGACG00000002784,groupXVI,M,>1.2,84522
ENSGACG00000002901,groupV,F,>1.5,8492
ENSGACG00000002903,groupXII,F,>1.5,0
ENSGACG00000002904,groupXVI,F,>1.5,51455
ENSGACG00000002906,groupV,F,>1.5,442247
ENSGACG00000002907,groupXII,M,>1.5,27233
ENSGACG00000002915,groupV,F,>1.2,55718
ENSGACG00000002918,groupXXI,F,>2,0
ENSGACG00000002926,groupXII,F,>1.5,9277
ENSGACG00000002931,groupVI,M,>1.2,54619
ENSGACG00000002948,groupVIII,F,>1.2,1662
ENSGACG00000002979,groupX,F,>1.2,84294
ENSGACG00000003003,groupXIX,F,>3,NA
ENSGACG00000003012,groupVI,F,>1.5,84172
ENSGACG00000003048,groupX,M,>1.5,6383
ENSGACG00000003052,groupVIII,M,>1.5,125972
ENSGACG00000003061,groupX,M,>1.2,7172
ENSGACG00000003066,groupXXI,M,>1.5,2321
ENSGACG00000003091,groupV,M,>1.5,55808
ENSGACG00000003102,groupXXI,M,>3,222484
ENSGACG00000003110,groupXXI,F,>1.2,NA
ENSGACG00000003122,groupV,F,>1.2,51491
ENSGACG00000003152,groupXIX,F,>2,55070
ENSGACG00000003177,groupXVII,F,>1.5,55661
ENSGACG00000003191,groupVI,F,>1.2,8661
ENSGACG00000003201,groupXX,F,>2,0
ENSGACG00000003213,groupXIX,M,>3,NA
ENSGACG00000003250,groupXVI,F,>1.5,6152
ENSGACG00000003257,groupXIX,F,>2,79650
ENSGACG00000003261,groupXIX,F,>1.2,1459
ENSGACG00000003277,groupVIII,M,>1.2,29985
ENSGACG00000003348,groupXIX,M,>1.5,10418
ENSGACG00000003382,groupXIX,F,>1.5,NA
ENSGACG00000003392,groupXII,M,>1.5,NA
ENSGACG00000003394,groupXVII,F,>2,NA
ENSGACG00000003422,groupXIX,M,>2,55742
ENSGACG00000003428,groupV,F,>1.2,124801
ENSGACG00000003429,groupXX,M,>3,NA
ENSGACG00000003441,groupXX,M,>2,348
ENSGACG00000003466,groupXIX,F,>1.5,10363
ENSGACG00000003476,groupXX,F,>1.2,6223
ENSGACG00000003491,groupXIX,F,>1.2,847
ENSGACG00000003499,groupXX,F,>1.5,10940
ENSGACG00000003504,groupV,F,>1.5,56652
ENSGACG00000003506,groupXX,M,>1.5,79815
ENSGACG00000003507,groupXIX,F,>2,387733
ENSGACG00000003516,groupVI,F,>1.2,51386
ENSGACG00000003530,groupX,M,>1.2,NA
ENSGACG00000003532,groupXVI,F,>1.5,1284
ENSGACG00000003537,groupVIII,M,>3,4225
ENSGACG00000003554,groupXIX,F,>1.5,64418
ENSGACG00000003573,groupXIX,F,>2,NA
ENSGACG00000003595,groupVI,M,>2,64094
ENSGACG00000003609,groupXIX,F,>1.5,23041
ENSGACG00000003628,groupX,F,>1.2,6156
ENSGACG00000003637,groupVIII,F,>1.2,51540
ENSGACG00000003638,groupVI,F,>1.2,4292
ENSGACG00000003639,groupXIX,F,>1.5,6718
ENSGACG00000003642,groupXIII,F,>1.2,64975
ENSGACG00000003648,groupXVI,M,>2,11167
ENSGACG00000003650,groupXIX,F,>3,8805
ENSGACG00000003676,groupXXI,M,>3,185
ENSGACG00000003698,groupVIII,M,>2,25992
ENSGACG00000003703,groupXIX,F,>1.5,5465
ENSGACG00000003704,groupXII,F,>1.2,5326
ENSGACG00000003720,groupXIX,F,>2,51067
ENSGACG00000003734,groupXIII,F,>1.5,NA
ENSGACG00000003735,groupXXI,M,>2,205428
ENSGACG00000003748,groupXIX,F,>2,1027
ENSGACG00000003757,groupXIX,F,>1.5,60488
ENSGACG00000003800,groupXII,M,>1.5,3875
ENSGACG00000003821,groupXIX,F,>2,90956
ENSGACG00000003840,groupXIX,F,>2,54517
ENSGACG00000003866,groupXVII,M,>1.5,54756
ENSGACG00000003879,groupXV,F,>1.2,51501
ENSGACG00000003882,groupVIII,F,>1.5,26574
ENSGACG00000003915,groupVI,M,>1.5,119395
ENSGACG00000003927,groupXIII,F,>1.2,57647
ENSGACG00000003928,groupXIX,F,>2,85378
ENSGACG00000003946,groupXVI,M,>2,2824
ENSGACG00000003947,groupXIX,F,>1.5,55198
ENSGACG00000003973,groupVIII,M,>2,2752
ENSGACG00000003993,groupV,M,>1.2,27243
ENSGACG00000003995,groupX,F,>1.5,6176
ENSGACG00000004015,groupXX,M,>1.5,217
ENSGACG00000004020,groupXIX,F,>2,84216
ENSGACG00000004024,groupV,F,>2,79922
ENSGACG00000004028,groupXIX,F,>1.5,5756
ENSGACG00000004050,groupXIX,F,>1.5,51135
ENSGACG00000004098,groupXIX,F,>1.5,51535
ENSGACG00000004103,groupXIX,F,>1.5,10138
ENSGACG00000004142,groupXIX,F,>2,4189
ENSGACG00000004145,groupXIX,F,>1.5,10059
ENSGACG00000004161,groupX,F,>3,1595
ENSGACG00000004178,groupXI,M,>1.5,226
ENSGACG00000004192,groupX,F,>1.2,65005
ENSGACG00000004194,groupXX,F,>1.5,2091
ENSGACG00000004215,groupXIX,F,>1.5,669
ENSGACG00000004216,groupXII,F,>1.2,57642
ENSGACG00000004217,groupXVIII,F,>1.5,NA
ENSGACG00000004230,groupVIII,F,1,NA
ENSGACG00000004250,groupXIX,F,>1.5,0
ENSGACG00000004261,groupXXI,M,>1.2,79072
ENSGACG00000004271,groupX,M,>1.2,4723
ENSGACG00000004286,groupXII,M,>3,84701
ENSGACG00000004293,groupXIII,F,>1.2,689
ENSGACG00000004300,groupXIII,F,>1.5,84135
ENSGACG00000004325,groupXIX,M,>2,7112
ENSGACG00000004350,groupXIX,F,>1.5,84912
ENSGACG00000004366,groupXVII,F,>1.2,8882
ENSGACG00000004371,groupXV,F,>2,51550
ENSGACG00000004372,groupXVII,F,>1.2,6146
ENSGACG00000004373,groupXV,F,>2,1736
ENSGACG00000004379,groupXVIII,M,>2,7056
ENSGACG00000004384,groupXIX,F,>2,79754
ENSGACG00000004390,groupXIII,M,>2,9180
ENSGACG00000004404,groupXI,M,>2,5493
ENSGACG00000004409,groupXIX,F,>1.2,83860
ENSGACG00000004429,groupXX,F,>1.5,84864
ENSGACG00000004431,groupXII,M,>1.5,4923
ENSGACG00000004448,groupXVII,M,>2,9249
ENSGACG00000004482,groupXVIII,M,>3,NA
ENSGACG00000004483,groupV,F,>1.2,26156
ENSGACG00000004502,groupVIII,F,>2,NA
ENSGACG00000004508,groupXVIII,M,>1.5,11117
ENSGACG00000004519,groupVIII,M,>1.2,NA
ENSGACG00000004528,groupXIX,F,>1.2,3034
ENSGACG00000004529,groupXIII,M,>1.2,NA
ENSGACG00000004538,groupXXI,M,>1.2,50807
ENSGACG00000004567,groupXI,M,>1.2,55062
ENSGACG00000004578,groupXIX,F,>2,9960
ENSGACG00000004587,groupXV,F,>1.5,NA
ENSGACG00000004588,groupVIII,M,>3,666
ENSGACG00000004597,groupV,M,>1.5,0
ENSGACG00000004610,groupXI,M,>1.5,10552
ENSGACG00000004613,groupXIX,F,>1.5,4123
ENSGACG00000004670,groupXIX,F,>2,79661
ENSGACG00000004675,groupXIX,F,>1.5,54939
ENSGACG00000004686,groupV,F,>1.5,50
ENSGACG00000004689,groupX,F,>1.2,51053
ENSGACG00000004700,groupXV,M,>1.2,51699
ENSGACG00000004716,groupX,F,>1.5,9056
ENSGACG00000004723,groupXIII,F,>2,493869
ENSGACG00000004724,groupXIX,F,>2,9399
ENSGACG00000004744,groupXIX,F,>2,3073
ENSGACG00000004753,groupXII,M,>1.5,NA
ENSGACG00000004758,groupXV,M,>2,1152
ENSGACG00000004772,groupXIX,F,>1.5,25820
ENSGACG00000004787,groupXV,F,>1.2,84334
ENSGACG00000004795,groupXIX,F,>2,60490
ENSGACG00000004798,groupXI,F,>1.5,0
ENSGACG00000004802,groupXI,M,>1.5,7106
ENSGACG00000004806,groupXIX,F,>2,51495
ENSGACG00000004811,groupI,M,>1.5,5648
ENSGACG00000004827,groupXIX,F,>1.5,81556
ENSGACG00000004832,groupV,F,>1.2,NA
ENSGACG00000004840,groupXX,F,>1.2,25879
ENSGACG00000004848,groupVIII,M,>3,3484
ENSGACG00000004897,groupXI,F,>1.5,3276
ENSGACG00000004902,groupXV,M,>1.5,84695
ENSGACG00000004926,groupXVII,F,>1.2,NA
ENSGACG00000004944,groupXII,M,>1.2,54896
ENSGACG00000004946,groupXX,M,>1.5,114792
ENSGACG00000004968,groupXIX,F,>1.5,6124
ENSGACG00000004978,groupXV,F,>1.5,64116
ENSGACG00000005028,groupXVI,F,>1.2,9874
ENSGACG00000005043,groupXIX,F,>2,55055
ENSGACG00000005072,groupXII,M,>2,6390
ENSGACG00000005078,groupXIX,F,>1.2,10302
ENSGACG00000005092,groupXIX,F,>2,4088
ENSGACG00000005119,groupXIX,F,>1.5,79719
ENSGACG00000005127,groupV,M,>1.2,23558
ENSGACG00000005150,groupVI,F,>1.5,9221
ENSGACG00000005152,groupVI,M,>1.2,10367
ENSGACG00000005167,groupXIX,F,>3,145853
ENSGACG00000005176,groupXIX,M,>3,8554
ENSGACG00000005181,groupXIX,F,>2,NA
ENSGACG00000005192,groupXX,M,>1.2,594
ENSGACG00000005198,groupXII,M,>1.5,8510
ENSGACG00000005200,groupVI,M,>1.5,170392
ENSGACG00000005213,groupXIX,F,>2,7090
ENSGACG00000005228,groupI,F,>1.2,144568
ENSGACG00000005239,groupXI,F,>1.2,7733
ENSGACG00000005252,groupXIX,F,>2,1643
ENSGACG00000005255,groupXIX,F,>2,55709
ENSGACG00000005272,groupXV,M,>1.5,25963
ENSGACG00000005293,groupXIX,F,>1.5,3508
ENSGACG00000005331,groupXIX,F,>1.5,66005
ENSGACG00000005355,groupXIX,F,>1.2,347862
ENSGACG00000005365,groupXIX,F,>3,977
ENSGACG00000005376,groupXVII,M,>1.5,333926
ENSGACG00000005392,groupVI,F,>1.5,2956
ENSGACG00000005396,groupI,F,>2,26073
ENSGACG00000005397,groupXIX,F,>2,376267
ENSGACG00000005399,groupXIX,F,>3,283229
ENSGACG00000005403,groupXI,F,>1.2,64118
ENSGACG00000005406,groupXIX,F,>3,51524
ENSGACG00000005436,groupXIX,F,>1.5,64787
ENSGACG00000005440,groupXIX,F,>1.5,64787
ENSGACG00000005473,groupXVII,F,>1.2,57727
ENSGACG00000005488,groupXXI,M,>1.5,5251
ENSGACG00000005521,groupXIX,F,>2,57104
ENSGACG00000005541,groupXIX,F,>2,NA
ENSGACG00000005561,groupXIX,F,>2,80162
ENSGACG00000005598,groupI,M,>1.5,5948
ENSGACG00000005599,groupX,F,>2,2170
ENSGACG00000005613,groupXIX,F,>1.5,5866
ENSGACG00000005623,groupXI,M,>1.2,3216
ENSGACG00000005632,groupXIX,F,>1.5,11234
ENSGACG00000005634,groupI,F,>1.2,56945
ENSGACG00000005659,groupXIX,F,>2,2965
ENSGACG00000005698,groupXV,M,>2,27232
ENSGACG00000005708,groupVIII,M,>2,8490
ENSGACG00000005711,groupXV,M,>1.5,0
ENSGACG00000005712,groupXV,M,>1.5,0
ENSGACG00000005724,groupXVII,F,>1.5,2819
ENSGACG00000005725,groupI,F,>2,10279
ENSGACG00000005728,scaffold_812,M,>1.5,79625
ENSGACG00000005730,groupXII,F,>1.2,3615
ENSGACG00000005737,groupXIX,F,>2,113174
ENSGACG00000005766,groupI,F,>1.5,29997
ENSGACG00000005809,groupXIX,F,>1.2,975
ENSGACG00000005812,groupXII,F,>1.2,7866
ENSGACG00000005839,groupXX,M,>1.5,0
ENSGACG00000005842,groupXIX,F,>1.5,11187
ENSGACG00000005853,groupXIX,F,>2,59307
ENSGACG00000005864,groupXX,M,>1.5,26330
ENSGACG00000005866,groupX,F,>1.2,83608
ENSGACG00000005889,groupXIX,F,>1.2,203859
ENSGACG00000005901,groupV,M,>1.5,8714
ENSGACG00000005906,groupXIX,F,>2,2188
ENSGACG00000005907,groupXI,F,>1.2,1632
ENSGACG00000005974,groupXIX,M,>1.5,10845
ENSGACG00000005978,groupXVI,F,>1.5,431705
ENSGACG00000005985,groupI,M,>1.5,6876
ENSGACG00000005988,groupXIX,F,>2,23431
ENSGACG00000005991,groupXVI,M,>1.2,10644
ENSGACG00000005999,groupVIII,M,>2,8412
ENSGACG00000006001,groupXIX,F,>3,55930
ENSGACG00000006018,groupXI,F,>1.5,NA
ENSGACG00000006020,groupXVIII,M,>1.5,26160
ENSGACG00000006027,groupX,F,>2,0
ENSGACG00000006042,groupXII,F,>1.5,NA
ENSGACG00000006047,groupXVIII,F,>2,790
ENSGACG00000006058,groupXIX,F,>3,51187
ENSGACG00000006071,groupVI,F,>2,80150
ENSGACG00000006074,groupXII,M,>1.5,26013
ENSGACG00000006111,groupXVII,M,>2,7482
ENSGACG00000006141,groupXIX,F,>2,22909
ENSGACG00000006194,groupXV,F,>2,NA
ENSGACG00000006198,groupXX,M,>1.5,157638
ENSGACG00000006204,groupXV,F,>1.5,0
ENSGACG00000006228,groupXI,M,>1.5,0
ENSGACG00000006232,groupXIX,F,>1.5,2585
ENSGACG00000006255,groupXI,M,>2,114770
ENSGACG00000006260,groupXIX,F,>1.5,58472
ENSGACG00000006264,groupX,M,>1.5,7980
ENSGACG00000006267,groupV,M,>1.5,60681
ENSGACG00000006278,groupXI,F,>1.2,2193
ENSGACG00000006281,groupXIX,M,>1.5,51496
ENSGACG00000006293,groupXX,F,>1.5,8667
ENSGACG00000006308,groupVIII,M,>1.5,116441
ENSGACG00000006315,groupXIX,F,>1.5,54956
ENSGACG00000006339,groupXVIII,M,>1.5,3910
ENSGACG00000006351,groupXIX,F,>2,NA
ENSGACG00000006425,groupX,F,>1.5,221830
ENSGACG00000006471,groupXVIII,F,>1.2,10758
ENSGACG00000006492,groupV,M,>2,1369
ENSGACG00000006516,groupXIX,F,>1.5,9377
ENSGACG00000006519,groupVIII,M,>2,2817
ENSGACG00000006521,groupXIX,F,>2,56672
ENSGACG00000006545,groupVIII,M,>1.5,NA
ENSGACG00000006549,groupVI,F,>2,285
ENSGACG00000006562,groupVIII,F,>2,55283
ENSGACG00000006582,groupXIX,M,>2,5682
ENSGACG00000006592,groupX,M,>1.5,8910
ENSGACG00000006605,groupXVI,M,>1.5,57493
ENSGACG00000006616,groupXVI,M,>1.5,84561
ENSGACG00000006629,groupXVIII,M,>1.5,23118
ENSGACG00000006659,groupXIX,F,>1.5,NA
ENSGACG00000006673,groupV,M,1,5950
ENSGACG00000006676,groupXVII,M,>1.5,NA
ENSGACG00000006686,groupXX,M,>2,10584
ENSGACG00000006687,groupXIX,F,>1.5,144100
ENSGACG00000006693,groupXV,M,>1.5,84618
ENSGACG00000006695,groupVIII,F,>1.5,54680
ENSGACG00000006701,groupXIX,M,>3,84919
ENSGACG00000006703,groupXIX,F,>1.2,6207
ENSGACG00000006720,groupXVIII,M,>2,54346
ENSGACG00000006730,groupVIII,M,>1.2,7075
ENSGACG00000006738,groupXIX,F,>1.5,5286
ENSGACG00000006754,groupVIII,M,>2,8907
ENSGACG00000006769,groupXIII,M,>1.2,195827
ENSGACG00000006797,groupXVI,F,>2,494188
ENSGACG00000006809,groupXIX,M,>2,6996
ENSGACG00000006810,groupXIX,F,>2,6996
ENSGACG00000006822,groupXIX,F,>1.5,25813
ENSGACG00000006852,groupXI,M,>1.5,23533
ENSGACG00000006855,groupXVI,F,>1.2,NA
ENSGACG00000006905,groupXIII,M,>1.5,730
ENSGACG00000006950,groupXIX,F,>1.5,221120
ENSGACG00000007007,groupV,F,>1.2,NA
ENSGACG00000007009,groupI,M,>1.5,81671
ENSGACG00000007033,groupXIX,M,>1.5,2923
ENSGACG00000007041,groupXVII,F,>1.2,NA
ENSGACG00000007047,groupXIX,F,>3,NA
ENSGACG00000007053,groupI,F,>1.2,8833
ENSGACG00000007057,groupV,M,>3,11248
ENSGACG00000007081,groupXX,M,>1.2,64798
ENSGACG00000007089,groupXV,F,>1.2,653121
ENSGACG00000007090,groupX,M,>1.5,3199
ENSGACG00000007106,groupXIII,M,>1.5,5239
ENSGACG00000007108,groupX,M,>2,3202
ENSGACG00000007133,groupXIX,F,>2,0
ENSGACG00000007153,groupXIX,F,>1.2,10066
ENSGACG00000007166,groupXIX,F,>1.5,4351
ENSGACG00000007175,groupVI,F,>1.5,23223
ENSGACG00000007181,groupI,M,>2,NA
ENSGACG00000007204,groupXVII,M,>1.2,6538
ENSGACG00000007210,groupXIX,F,>1.5,5685
ENSGACG00000007214,groupVIII,F,>1.2,7268
ENSGACG00000007230,groupI,M,>1.5,590
ENSGACG00000007235,groupV,M,>1.2,7041
ENSGACG00000007241,groupXV,M,>1.5,84734
ENSGACG00000007250,groupXV,M,>1.5,NA
ENSGACG00000007255,groupVI,F,>2,92342
ENSGACG00000007288,groupVIII,M,>1.5,10625
ENSGACG00000007291,groupXIX,F,>1.2,6642
ENSGACG00000007294,groupVI,F,>1.5,10360
ENSGACG00000007298,groupXIII,M,>2,10099
ENSGACG00000007308,groupVI,F,>3,23082
ENSGACG00000007333,groupXVII,M,>1.5,3269
ENSGACG00000007341,groupXIX,F,>1.5,3658
ENSGACG00000007371,groupXIX,F,>2,9673
ENSGACG00000007380,groupXIX,F,>2,80349
ENSGACG00000007386,groupXII,M,>1.2,473
ENSGACG00000007445,groupXI,M,>1.5,0
ENSGACG00000007450,groupXIX,F,>2,10073
ENSGACG00000007473,groupXVI,F,>1.5,25871
ENSGACG00000007489,groupVI,F,>1.5,NA
ENSGACG00000007508,groupXX,F,>1.2,54766
ENSGACG00000007534,groupVI,M,>2,2805
ENSGACG00000007536,groupXVII,M,>1.5,5763
ENSGACG00000007560,groupXIX,F,>2,23279
ENSGACG00000007576,groupXIII,M,>1.2,84267
ENSGACG00000007586,groupVI,F,>1.5,84795
ENSGACG00000007601,groupXIX,F,>1.2,5787
ENSGACG00000007609,groupXVII,M,>1.2,23046
ENSGACG00000007622,groupXX,M,>2,NA
ENSGACG00000007623,groupXV,M,>1.5,27030
ENSGACG00000007651,groupXIX,F,>1.5,196441
ENSGACG00000007652,groupV,F,>1.2,8663
ENSGACG00000007682,groupXIX,F,>1.5,64786
ENSGACG00000007712,groupXV,M,>1.2,122961
ENSGACG00000007738,groupXIX,F,>1.5,26065
ENSGACG00000007741,groupXII,M,>1.5,2773
ENSGACG00000007754,groupI,M,>1.5,10809
ENSGACG00000007771,groupVIII,M,>1.2,0
ENSGACG00000007779,groupXIX,F,>2,10200
ENSGACG00000007787,groupXIX,F,>2,5934
ENSGACG00000007829,groupXIX,F,>1.2,NA
ENSGACG00000007833,groupXIX,M,>2,79400
ENSGACG00000007848,groupXVII,F,>1.5,126789
ENSGACG00000007858,groupXIX,F,>1.5,0
ENSGACG00000007866,groupXIX,F,>1.5,0
ENSGACG00000007917,groupVI,M,>1.5,219736
ENSGACG00000007919,groupXIX,F,>1.5,64431
ENSGACG00000007952,groupXIX,F,>2,0
ENSGACG00000007954,groupVI,M,>2,0
ENSGACG00000007956,groupXIX,F,>1.5,121441
ENSGACG00000007957,groupVI,M,>2,4143
ENSGACG00000007961,groupX,F,>1.5,NA
ENSGACG00000007976,groupXIX,F,>1.5,197258
ENSGACG00000007990,groupXIX,F,>1.5,6218
ENSGACG00000007996,groupX,M,>1.5,7068
ENSGACG00000008007,groupXIX,F,>1.5,79899
ENSGACG00000008011,groupXX,M,>1.5,348932
ENSGACG00000008016,groupXIX,M,>3,196996
ENSGACG00000008021,groupVIII,F,1,7311
ENSGACG00000008022,groupXIX,F,>1.5,23060
ENSGACG00000008024,groupX,M,1,55768
ENSGACG00000008044,groupXIX,F,>1.5,10116
ENSGACG00000008047,groupVIII,F,>1.2,54555
ENSGACG00000008052,groupXIX,F,>2,84191
ENSGACG00000008057,groupXIX,F,>1.5,80208
ENSGACG00000008067,groupXX,F,>1.5,346389
ENSGACG00000008086,groupXIX,F,>1.5,11179
ENSGACG00000008087,groupXV,F,>1.2,57062
ENSGACG00000008130,groupXIX,F,>2,83943
ENSGACG00000008135,groupXVII,M,>1.5,85449
ENSGACG00000008150,groupXIX,F,>2,84306
ENSGACG00000008153,groupXIX,F,>1.5,4775
ENSGACG00000008158,groupXV,F,>2,55148
ENSGACG00000008159,groupXIX,F,>2,54920
ENSGACG00000008170,groupX,M,>1.5,108
ENSGACG00000008181,groupXI,F,>1.2,158
ENSGACG00000008209,groupVIII,M,>1.5,256949
ENSGACG00000008217,groupVIII,F,>3,51129
ENSGACG00000008240,groupXIX,F,>1.5,1738
ENSGACG00000008243,groupXIII,M,>1.5,196383
ENSGACG00000008249,groupXIII,M,>3,NA
ENSGACG00000008262,groupXII,F,>1.2,2178
ENSGACG00000008265,groupX,F,>1.2,9045
ENSGACG00000008276,groupXVI,M,>2,54855
ENSGACG00000008317,groupXX,M,>1.5,8935
ENSGACG00000008356,groupXVIII,F,>1.2,NA
ENSGACG00000008362,groupXI,F,>3,NA
ENSGACG00000008382,groupXI,F,>1.5,0
ENSGACG00000008435,groupXX,M,>1.2,2907
ENSGACG00000008436,groupV,M,>1.5,79652
ENSGACG00000008494,groupXIX,F,>1.5,NA
ENSGACG00000008496,groupXVII,F,>1.2,6175
ENSGACG00000008508,groupXII,F,>1.2,10728
ENSGACG00000008532,groupXI,M,>2,NA
ENSGACG00000008536,groupXIX,F,>3,197259
ENSGACG00000008550,groupXIX,F,>1.5,55625
ENSGACG00000008569,groupXVIII,F,>1.5,1965
ENSGACG00000008580,groupXVII,F,>1.5,6175
ENSGACG00000008593,groupXX,M,>1.2,11076
ENSGACG00000008610,groupI,M,>3,9058
ENSGACG00000008612,groupXIX,F,>3,0
ENSGACG00000008630,groupXII,F,>1.5,8260
ENSGACG00000008638,groupXIX,F,>3,10157
ENSGACG00000008664,groupXVIII,F,>2,25902
ENSGACG00000008692,groupXVIII,F,>1.5,79624
ENSGACG00000008711,groupXVIII,F,>3,2099
ENSGACG00000008736,groupVI,F,>1.2,6229
ENSGACG00000008743,groupXIX,F,>2,25913
ENSGACG00000008773,groupVIII,M,>1.5,5802
ENSGACG00000008779,groupXIX,F,>1.5,442247
ENSGACG00000008783,groupXIX,F,>1.5,NA
ENSGACG00000008796,groupXVIII,M,>1.2,80177
ENSGACG00000008804,groupVIII,M,>1.5,6915
ENSGACG00000008815,groupXVII,F,>1.5,10528
ENSGACG00000008843,groupXIX,F,>2,24140
ENSGACG00000008845,groupXV,F,>3,29841
ENSGACG00000008857,groupXI,F,>1.5,60681
ENSGACG00000008872,groupXIX,F,>1.5,442247
ENSGACG00000008882,groupXVIII,F,>1.2,285753
ENSGACG00000008890,groupVI,M,>2,84858
ENSGACG00000008893,groupV,F,>1.2,NA
ENSGACG00000008900,groupXII,M,>1.5,779
ENSGACG00000008901,groupI,M,>2,5260
ENSGACG00000008906,groupXVII,F,>1.2,22936
ENSGACG00000008914,groupXIX,F,>2,NA
ENSGACG00000008921,groupXVIII,M,>1.2,8724
ENSGACG00000008928,groupXIX,F,>1.5,NA
ENSGACG00000008965,groupV,M,>1.2,84572
ENSGACG00000008970,groupVIII,F,>1.2,4691
ENSGACG00000008975,groupV,F,>1.5,84310
ENSGACG00000009063,groupXII,M,>3,50846
ENSGACG00000009066,groupXVIII,F,>1.5,6950
ENSGACG00000009068,groupXV,M,>1.2,78989
ENSGACG00000009091,groupXIX,F,>2,NA
ENSGACG00000009107,groupXIX,F,>1.5,830
ENSGACG00000009121,groupV,M,>2,0
ENSGACG00000009139,groupVIII,M,>1.2,5217
ENSGACG00000009161,groupXII,F,>1.2,5036
ENSGACG00000009190,groupXIX,F,>2,4233
ENSGACG00000009210,groupXIX,F,>1.5,26136
ENSGACG00000009231,groupI,F,>1.5,55588
ENSGACG00000009251,groupVIII,M,>2,3357
ENSGACG00000009280,groupXI,F,>1.2,6143
ENSGACG00000009302,groupXIII,F,>1.5,23481
ENSGACG00000009310,groupXV,F,1,23521
ENSGACG00000009371,groupXI,M,>2,57125
ENSGACG00000009388,groupXIX,F,>2,80184
ENSGACG00000009410,groupXIII,M,>1.5,NA
ENSGACG00000009418,groupXIX,F,>2,91298
ENSGACG00000009438,groupVI,M,>1.5,120
ENSGACG00000009441,groupXV,M,>2,123096
ENSGACG00000009445,groupXI,M,>1.5,54884
ENSGACG00000009454,groupXIX,F,>2,1982
ENSGACG00000009482,groupXV,M,>2,11123
ENSGACG00000009490,groupVIII,F,>3,NA
ENSGACG00000009496,groupXVII,M,>1.2,152273
ENSGACG00000009504,groupXVIII,F,>1.5,202
ENSGACG00000009527,groupVI,M,>1.2,664
ENSGACG00000009561,groupXIII,M,>1.5,6867
ENSGACG00000009568,groupV,F,>1.5,4809
ENSGACG00000009572,groupXIX,F,>2,120892
ENSGACG00000009605,groupXIX,F,>1.5,114134
ENSGACG00000009624,groupXX,M,>1.5,283899
ENSGACG00000009633,groupVIII,M,>1.2,10847
ENSGACG00000009686,groupVIII,F,>1.5,80135
ENSGACG00000009697,groupVIII,F,>1.5,1486
ENSGACG00000009700,groupVI,M,>2,51363
ENSGACG00000009705,groupXIX,F,>2,118426
ENSGACG00000009711,groupVIII,F,>3,0
ENSGACG00000009717,groupXIX,F,>1.5,50862
ENSGACG00000009729,groupXIX,F,>2,272
ENSGACG00000009747,groupXII,M,>3,7139
ENSGACG00000009748,groupXIX,F,>1.5,23075
ENSGACG00000009754,groupXIII,F,>1.2,55781
ENSGACG00000009764,groupXIX,F,>1.5,7465
ENSGACG00000009766,groupXIII,M,>1.5,285704
ENSGACG00000009776,groupXIX,M,>1.5,7702
ENSGACG00000009780,groupXV,M,>1.5,9607
ENSGACG00000009794,groupXIX,F,>1.5,1445
ENSGACG00000009803,groupXIX,F,>1.5,161823
ENSGACG00000009807,groupXV,F,>1.2,56961
ENSGACG00000009814,groupX,F,>1.2,NA
ENSGACG00000009823,groupVIII,F,>3,255231
ENSGACG00000009849,groupXIX,F,>3,55226
ENSGACG00000009856,groupI,F,>2,284325
ENSGACG00000009867,groupXIX,F,>1.5,4076
ENSGACG00000009874,groupXIX,F,>1.5,4005
ENSGACG00000009884,groupI,F,>1.5,348793
ENSGACG00000009892,groupXIX,F,>1.5,90139
ENSGACG00000009908,groupVI,M,>3,288
ENSGACG00000009927,groupXIX,F,>2,140691
ENSGACG00000009929,groupXV,F,>1.2,4898
ENSGACG00000009934,groupXIX,M,>3,375612
ENSGACG00000009950,groupXX,M,>1.5,7167
ENSGACG00000009969,groupVI,M,>1.2,220963
ENSGACG00000010014,groupXIX,F,>2,54477
ENSGACG00000010024,groupXIX,F,>2,121536
ENSGACG00000010028,groupI,F,>1.5,51068
ENSGACG00000010057,groupXVIII,M,>1.5,3142
ENSGACG00000010068,groupV,M,>1.2,85360
ENSGACG00000010078,groupXII,M,>1.5,633
ENSGACG00000010080,groupX,F,>1.2,7203
ENSGACG00000010083,groupXV,F,>1.2,29789
ENSGACG00000010128,groupXX,M,>1.2,NA
ENSGACG00000010136,groupXV,F,>1.5,NA
ENSGACG00000010141,groupXIII,M,>1.5,NA
ENSGACG00000010145,groupXIII,M,>3,0
ENSGACG00000010146,groupV,M,>1.2,383
ENSGACG00000010165,groupXI,F,>1.5,79709
ENSGACG00000010185,groupXVII,F,>3,9935
ENSGACG00000010201,groupXIX,F,>1.5,1613
ENSGACG00000010224,groupXIX,M,>2,23102
ENSGACG00000010239,groupXIX,F,>2,65999
ENSGACG00000010244,groupXIX,F,>1.5,3419
ENSGACG00000010260,groupXV,F,>1.2,79694
ENSGACG00000010283,groupXII,M,>1.2,149951
ENSGACG00000010296,groupXIII,F,>1.5,65083
ENSGACG00000010311,groupXIII,F,>1.5,9189
ENSGACG00000010317,groupXX,F,>1.2,4839
ENSGACG00000010330,groupXX,F,>1.5,10436
ENSGACG00000010346,groupXIX,F,>2,55466
ENSGACG00000010354,groupXVIII,F,>1.2,5826
ENSGACG00000010368,groupXV,M,>1.5,652
ENSGACG00000010379,groupXIII,M,>1.5,0
ENSGACG00000010383,groupXV,M,>1.5,10979
ENSGACG00000010391,groupXVII,F,>1.2,9136
ENSGACG00000010399,groupXV,F,>1.5,29091
ENSGACG00000010409,groupX,M,>1.5,29967
ENSGACG00000010417,groupXIX,F,>2,51762
ENSGACG00000010420,groupX,F,>1.2,23246
ENSGACG00000010435,groupI,F,>1.2,5612
ENSGACG00000010443,groupXIX,F,>1.5,112970
ENSGACG00000010453,groupXIX,F,>1.5,0
ENSGACG00000010459,groupXIX,F,>1.5,10099
ENSGACG00000010462,groupXIII,M,>1.2,153642
ENSGACG00000010485,groupXIX,M,>1.5,9051
ENSGACG00000010496,groupXIX,F,>2,5955
ENSGACG00000010504,groupXX,M,>1.2,54922
ENSGACG00000010509,groupXIX,F,>2,49855
ENSGACG00000010540,scaffold_1260,F,>1.5,NA
ENSGACG00000010550,groupXIX,F,>1.5,2108
ENSGACG00000010567,groupXIII,F,>2,10622
ENSGACG00000010590,groupXV,M,>1.5,122773
ENSGACG00000010604,groupXIII,M,>1.5,2675
ENSGACG00000010620,groupXIX,F,>2,114294
ENSGACG00000010660,groupXVIII,F,>3,79870
ENSGACG00000010664,groupXX,M,>2,350
ENSGACG00000010682,groupXIX,F,>2,79664
ENSGACG00000010698,groupXVIII,M,>1.2,51374
ENSGACG00000010713,groupXIII,F,>1.2,138241
ENSGACG00000010715,groupVI,F,>1.2,741
ENSGACG00000010761,groupXX,F,>1.2,6203
ENSGACG00000010771,groupXIX,F,>1.5,8800
ENSGACG00000010772,scaffold_133,M,>1.5,11200
ENSGACG00000010785,groupXIX,F,>1.5,23770
ENSGACG00000010798,groupXIX,F,>3,NA
ENSGACG00000010825,groupXVII,F,>3,54946
ENSGACG00000010827,groupXIX,F,>3,3418
ENSGACG00000010843,groupI,F,>1.2,55720
ENSGACG00000010863,groupXIX,F,>2,641
ENSGACG00000010894,groupXVIII,F,>1.5,83699
ENSGACG00000010906,groupXII,M,>1.2,9802
ENSGACG00000010910,groupXVII,F,>2,0
ENSGACG00000010911,groupXIX,F,>2,NA
ENSGACG00000010924,groupVIII,M,>2,6646
ENSGACG00000010954,groupXIX,F,>1.5,200728
ENSGACG00000010976,groupVI,M,>1.5,NA
ENSGACG00000010978,groupXIX,F,>1.5,27440
ENSGACG00000010987,groupXI,M,>1.5,283987
ENSGACG00000010988,groupXIX,F,>2,84318
ENSGACG00000010990,groupXII,M,>1.2,10411
ENSGACG00000010995,groupXV,F,>1.2,NA
ENSGACG00000011008,groupXVIII,F,>1.2,64577
ENSGACG00000011049,groupXIII,M,>1.5,25960
ENSGACG00000011126,groupXIII,F,>1.5,661
ENSGACG00000011130,groupXIX,F,>1.5,6150
ENSGACG00000011132,groupXI,F,>1.5,5833
ENSGACG00000011144,groupXV,M,>1.2,NA
ENSGACG00000011166,groupXV,M,>1.5,145482
ENSGACG00000011212,groupXV,M,>1.5,1396
ENSGACG00000011219,groupVIII,M,>1.5,NA
ENSGACG00000011233,groupVIII,F,>1.2,56655
ENSGACG00000011235,groupXV,M,>2,1397
ENSGACG00000011255,groupXIII,M,>1.5,23331
ENSGACG00000011256,groupXVIII,M,>1.5,50618
ENSGACG00000011273,groupXI,M,>3,54905
ENSGACG00000011275,groupXV,M,>3,57475
ENSGACG00000011292,groupXI,M,>1.5,3163
ENSGACG00000011311,groupXIX,F,>1.2,7251
ENSGACG00000011336,groupVIII,M,>3,4023
ENSGACG00000011341,groupXI,F,>1.2,NA
ENSGACG00000011343,groupI,F,>1.2,23378
ENSGACG00000011362,groupXIX,M,>2,57661
ENSGACG00000011477,groupXII,M,>2,11142
ENSGACG00000011505,groupXIX,F,>1.2,55898
ENSGACG00000011535,groupXIX,F,>2,91433
ENSGACG00000011538,groupXIX,F,>1.2,10519
ENSGACG00000011544,groupXIX,F,>1.5,390637
ENSGACG00000011547,groupXX,F,1,6141
ENSGACG00000011569,groupXIII,M,>2,140803
ENSGACG00000011585,groupVIII,F,>1.2,29901
ENSGACG00000011590,groupXVII,F,>1.5,57172
ENSGACG00000011610,groupXVII,F,>1.5,50486
ENSGACG00000011683,groupXV,F,>1.5,8884
ENSGACG00000011688,groupXIX,M,>3,8082
ENSGACG00000011703,groupI,F,>1.5,9875
ENSGACG00000011705,groupXIX,F,>2,0
ENSGACG00000011708,groupXIX,F,>2,440107
ENSGACG00000011714,groupXV,F,>1.5,56997
ENSGACG00000011725,groupXIX,F,>2,NA
ENSGACG00000011745,groupXIX,M,>1.2,9971
ENSGACG00000011759,groupXV,F,>1.5,54935
ENSGACG00000011770,groupXVII,M,>2,23024
ENSGACG00000011806,groupXIII,M,>1.5,165
ENSGACG00000011810,groupXV,M,>1.2,79944
ENSGACG00000011820,groupXX,M,>2,8515
ENSGACG00000011823,groupXVII,F,>2,2850
ENSGACG00000011829,groupXX,F,>1.2,10623
ENSGACG00000011846,groupXIX,F,>1.2,NA
ENSGACG00000011855,groupXVIII,F,>1.2,10153
ENSGACG00000011867,groupXV,F,>1.5,51199
ENSGACG00000011877,groupXIII,M,>1.5,3242
ENSGACG00000011878,groupXIX,F,>2,0
ENSGACG00000011879,groupXIX,M,>1.5,0
ENSGACG00000011886,groupXII,M,>1.2,NA
ENSGACG00000011888,groupXIX,F,>1.5,23008
ENSGACG00000011890,groupXI,F,>1.2,6123
ENSGACG00000011916,groupXIX,M,>1.5,NA
ENSGACG00000011933,groupVI,M,>1.5,90407
ENSGACG00000011934,groupXX,F,>1.2,51065
ENSGACG00000011946,groupVI,M,>1.2,7456
ENSGACG00000011958,groupXIX,F,>1.5,51290
ENSGACG00000011960,groupXI,F,>1.5,10607
ENSGACG00000011967,groupXII,F,>2,NA
ENSGACG00000011976,groupI,M,>1.5,92241
ENSGACG00000012007,groupXVII,F,>1.5,4486
ENSGACG00000012040,groupXIX,F,>1.5,NA
ENSGACG00000012059,groupXIX,F,>1.2,85025
ENSGACG00000012076,groupXII,F,>2,83541
ENSGACG00000012083,groupXX,M,>2,NA
ENSGACG00000012088,groupXX,M,>2,NA
ENSGACG00000012093,groupVIII,M,>1.5,23648
ENSGACG00000012100,groupXX,M,>1.2,1141
ENSGACG00000012128,groupI,M,>1.5,84441
ENSGACG00000012150,groupXIII,M,>1.5,389792
ENSGACG00000012167,groupXV,M,>1.2,5641
ENSGACG00000012183,groupXV,M,>1.5,11261
ENSGACG00000012188,groupXVIII,M,>1.2,51465
ENSGACG00000012191,groupXIX,F,>2,3251
ENSGACG00000012201,groupVIII,M,>2,4595
ENSGACG00000012213,groupXIX,F,>1.5,283927
ENSGACG00000012221,groupXIX,M,>1.5,51741
ENSGACG00000012226,groupXIX,M,>2,51741
ENSGACG00000012231,groupXX,F,>2,1893
ENSGACG00000012232,groupXIX,M,>1.5,8559
ENSGACG00000012262,groupVI,F,>2,10591
ENSGACG00000012267,groupXVII,M,>1.2,55207
ENSGACG00000012268,groupXV,M,>3,26499
ENSGACG00000012289,groupXVII,M,>1.5,9695
ENSGACG00000012293,groupI,F,>1.2,56980
ENSGACG00000012306,groupXIX,F,>2,1375
ENSGACG00000012316,groupXIII,F,>2,8408
ENSGACG00000012333,groupXVIII,F,>1.5,NA
ENSGACG00000012341,groupXVIII,M,>1.2,4594
ENSGACG00000012346,groupXV,M,>3,384
ENSGACG00000012349,groupXIX,F,>1.5,1120
ENSGACG00000012368,groupXIX,F,>3,NA
ENSGACG00000012381,groupXIX,F,>3,NA
ENSGACG00000012406,groupXVIII,F,>1.5,28951
ENSGACG00000012408,groupXIX,F,>3,23542
ENSGACG00000012412,groupXIX,M,>3,410
ENSGACG00000012414,groupVI,M,1,0
ENSGACG00000012456,groupXIX,F,>2,114787
ENSGACG00000012471,groupXVIII,F,>1.2,51605
ENSGACG00000012474,groupXIX,M,>2,NA
ENSGACG00000012487,groupXVIII,M,>1.2,650
ENSGACG00000012495,scaffold_98,F,>1.2,79631
ENSGACG00000012499,groupIII,F,>1.5,4999
ENSGACG00000012502,groupXIII,M,>3,NA
ENSGACG00000012536,groupXIX,F,>2,0
ENSGACG00000012541,groupXIX,F,>2,57546
ENSGACG00000012576,groupIII,M,>1.5,1291
ENSGACG00000012623,groupI,F,>1.5,10849
ENSGACG00000012629,groupVIII,M,>1.5,268
ENSGACG00000012640,groupXIX,M,>3,3082
ENSGACG00000012642,groupXIII,M,>3,2208
ENSGACG00000012661,groupIII,F,>1.5,64651
ENSGACG00000012691,groupXIII,F,>1.2,6927
ENSGACG00000012697,groupI,M,>1.2,51119
ENSGACG00000012710,groupXIII,F,>1.5,51367
ENSGACG00000012746,groupXIX,M,>1.5,222223
ENSGACG00000012754,groupXX,M,>3,392636
ENSGACG00000012758,groupXIX,M,>1.5,83641
ENSGACG00000012761,groupXV,F,>1.5,27042
ENSGACG00000012768,scaffold_151,M,>1.5,4924
ENSGACG00000012784,groupXII,F,>3,6839
ENSGACG00000012805,groupXIX,M,>2,112495
ENSGACG00000012834,groupXVIII,F,>1.2,2287
ENSGACG00000012843,groupXV,F,>1.2,23160
ENSGACG00000012858,groupXVIII,F,>1.2,6235
ENSGACG00000012874,groupXIX,M,>1.5,9701
ENSGACG00000012891,groupXIX,F,>1.5,NA
ENSGACG00000012896,groupXI,F,>1.5,3266
ENSGACG00000012899,groupXIX,F,>1.5,NA
ENSGACG00000012911,groupXI,F,>1.5,5424
ENSGACG00000012919,groupIII,F,>1.5,253512
ENSGACG00000012923,groupXVIII,M,>1.5,283600
ENSGACG00000012950,groupXI,M,>2,255043
ENSGACG00000012983,groupI,F,>1.5,10848
ENSGACG00000012993,groupI,M,>1.2,593
ENSGACG00000013003,groupXIII,M,>2,421
ENSGACG00000013009,groupIII,F,>1.5,23239
ENSGACG00000013049,groupXIX,M,>1.2,NA
ENSGACG00000013068,groupXVIII,M,>2,1113
ENSGACG00000013071,groupVIII,F,>1.5,54929
ENSGACG00000013073,groupXII,F,>1.2,NA
ENSGACG00000013103,groupXII,M,>1.5,2316
ENSGACG00000013115,groupI,M,>2,334
ENSGACG00000013152,groupI,F,>1.2,27335
ENSGACG00000013163,groupIII,F,>1.2,NA
ENSGACG00000013184,groupXVIII,M,>1.2,53832
ENSGACG00000013206,groupXX,F,>1.2,0
ENSGACG00000013210,groupXI,M,>2,9368
ENSGACG00000013238,groupXIX,F,>2,145748
ENSGACG00000013246,groupXIX,F,>2,1106
ENSGACG00000013251,groupIII,M,>1.5,25925
ENSGACG00000013260,groupXIX,F,>1.5,6916
ENSGACG00000013285,groupXX,M,>1.5,4000
ENSGACG00000013318,groupXX,F,>1.2,54865
ENSGACG00000013321,groupXIX,F,>1.5,56829
ENSGACG00000013345,groupXIX,F,>1.5,10329
ENSGACG00000013388,groupXIX,M,>1.5,92154
ENSGACG00000013415,groupIII,F,>1.5,2752
ENSGACG00000013417,groupXIII,M,>1.5,NA
ENSGACG00000013433,groupXIX,F,>1.5,83642
ENSGACG00000013449,groupXVIII,F,>2,NA
ENSGACG00000013471,groupXVIII,F,>1.2,9025
ENSGACG00000013480,groupXIX,F,>1.5,1407
ENSGACG00000013483,groupXIX,F,>3,NA
ENSGACG00000013493,groupXIX,F,>1.5,84102
ENSGACG00000013517,groupXIX,M,>1.2,4848
ENSGACG00000013524,groupI,M,>1.5,9706
ENSGACG00000013528,groupXIX,M,>2,23360
ENSGACG00000013535,groupVIII,F,>1.2,51611
ENSGACG00000013552,groupXIX,F,>2,55020
ENSGACG00000013583,groupXI,M,>1.2,NA
ENSGACG00000013584,groupXI,F,>1.2,79798
ENSGACG00000013589,groupXI,F,>1.5,0
ENSGACG00000013603,groupIII,M,>1.2,5510
ENSGACG00000013612,groupI,M,>3,0
ENSGACG00000013638,groupIII,M,>1.5,64834
ENSGACG00000013647,groupVIII,M,>1.5,481
ENSGACG00000013651,groupI,M,>1.5,26118
ENSGACG00000013655,groupXIX,F,>2,23165
ENSGACG00000013666,groupIII,M,>1.5,189
ENSGACG00000013667,groupI,M,>1.2,NA
ENSGACG00000013692,groupXX,F,>1.2,29889
ENSGACG00000013693,groupXIX,F,>1.5,23786
ENSGACG00000013702,groupVIII,M,>1.2,23505
ENSGACG00000013714,groupXIX,F,>1.2,51816
ENSGACG00000013723,groupXI,F,>1.5,56342
ENSGACG00000013727,groupXI,F,>1.2,8666
ENSGACG00000013731,groupXIX,M,>1.2,4704
ENSGACG00000013739,groupIII,M,>2,0
ENSGACG00000013741,groupXI,F,>1.2,1786
ENSGACG00000013746,groupI,F,>2,51602
ENSGACG00000013768,groupXIX,F,>3,58189
ENSGACG00000013775,groupXIX,M,>1.5,93107
ENSGACG00000013778,groupI,F,>1.5,55759
ENSGACG00000013784,groupXIX,F,>1.5,3281
ENSGACG00000013788,groupXIX,F,>3,7150
ENSGACG00000013794,groupXIX,F,>1.5,23417
ENSGACG00000013801,groupXIX,M,>2,894
ENSGACG00000013816,groupXIX,M,>1.5,85414
ENSGACG00000013820,groupXIX,F,>1.5,57102
ENSGACG00000013821,groupI,M,>1.5,23348
ENSGACG00000013830,groupXIX,M,>3,79767
ENSGACG00000013845,groupXIX,F,>1.5,26231
ENSGACG00000013859,groupXX,M,>3,80149
ENSGACG00000013899,groupXIX,F,>1.5,23568
ENSGACG00000013906,groupXIX,F,>2,51090
ENSGACG00000013931,groupXIX,F,>1.5,84883
ENSGACG00000013941,groupI,M,>1.2,NA
ENSGACG00000013948,groupXI,M,>1.5,64285
ENSGACG00000013959,groupII,M,>1.2,2184
ENSGACG00000013963,groupXIX,M,>3,79369
ENSGACG00000013980,groupI,M,>2,22873
ENSGACG00000013981,groupXIX,F,>1.5,2775
ENSGACG00000013996,groupXIX,M,>1.5,1573
ENSGACG00000014006,groupVIII,M,>1.5,NA
ENSGACG00000014015,groupXX,M,>2,11149
ENSGACG00000014025,groupXIX,M,>1.2,124245
ENSGACG00000014034,groupXIX,F,>1.5,84916
ENSGACG00000014035,groupIII,M,>1.2,130340
ENSGACG00000014041,groupXX,F,>1.5,109
ENSGACG00000014043,groupIII,M,>1.5,79758
ENSGACG00000014068,groupXIX,F,>3,NA
ENSGACG00000014081,groupXIX,F,>2,79613
ENSGACG00000014090,groupXIX,F,>2,NA
ENSGACG00000014093,groupXIX,F,>3,79096
ENSGACG00000014094,groupXIII,M,>2,54997
ENSGACG00000014098,groupXIX,M,>1.5,9793
ENSGACG00000014121,groupIII,F,>1.5,0
ENSGACG00000014154,groupXI,F,>1.2,6205
ENSGACG00000014168,groupIII,M,>2,115817
ENSGACG00000014198,groupI,M,>1.5,2230
ENSGACG00000014208,groupXI,M,>1.5,752
ENSGACG00000014211,groupII,M,>1.2,388272
ENSGACG00000014212,groupIII,F,>1.5,10419
ENSGACG00000014264,groupII,F,>2,1717
ENSGACG00000014271,groupXI,M,>1.2,10478
ENSGACG00000014314,scaffold_112,M,>1.2,5654
ENSGACG00000014340,groupVIII,F,>2,5471
ENSGACG00000014342,scaffold_112,F,>1.2,51130
ENSGACG00000014435,groupIII,M,>1.5,7051
ENSGACG00000014467,groupVIII,F,>1.2,26135
ENSGACG00000014472,groupXI,F,>1.2,6341
ENSGACG00000014531,groupVIII,M,>1.2,1573
ENSGACG00000014535,groupVIII,M,>1.5,1573
ENSGACG00000014536,groupIII,M,>1.5,9213
ENSGACG00000014538,groupXI,F,>1.2,8664
ENSGACG00000014552,groupII,F,>1.5,5928
ENSGACG00000014559,groupXI,F,>1.2,NA
ENSGACG00000014580,groupI,M,>1.2,2824
ENSGACG00000014588,scaffold_76,M,>1.5,NA
ENSGACG00000014618,groupXIII,F,>1.2,94239
ENSGACG00000014627,groupI,M,>1.5,875
ENSGACG00000014635,groupXI,F,>1.2,6155
ENSGACG00000014656,groupXI,M,>1.5,3430
ENSGACG00000014663,scaffold_270,F,>1.5,144453
ENSGACG00000014665,scaffold_270,F,>3,1510
ENSGACG00000014681,scaffold_270,F,>1.5,10576
ENSGACG00000014701,groupXIII,F,>2,NA
ENSGACG00000014705,groupVIII,F,>1.5,51603
ENSGACG00000014740,groupXI,F,>1.2,51096
ENSGACG00000014783,groupXIII,F,>1.5,4957
ENSGACG00000014811,groupXIII,M,>1.2,727
ENSGACG00000014852,scaffold_1014,M,>3,NA
ENSGACG00000014884,groupXI,F,>1.2,NA
ENSGACG00000014929,groupIII,F,>1.2,54928
ENSGACG00000014952,groupXI,F,>1.5,146556
ENSGACG00000015021,groupII,M,>2,NA
ENSGACG00000015050,groupI,M,>1.5,9758
ENSGACG00000015073,groupIII,F,>1.2,10195
ENSGACG00000015074,scaffold_74,F,>1.5,5000
ENSGACG00000015109,groupIII,M,>1.5,23271
ENSGACG00000015149,groupI,F,>1.2,22868
ENSGACG00000015161,groupII,F,>1.5,471
ENSGACG00000015296,groupIII,F,>1.2,NA
ENSGACG00000015308,groupIII,M,>1.5,1938
ENSGACG00000015312,groupI,M,>2,481
ENSGACG00000015329,scaffold_48,F,>1.5,4548
ENSGACG00000015334,scaffold_48,F,>1.5,NA
ENSGACG00000015391,groupII,M,>2,6236
ENSGACG00000015398,groupI,M,>1.2,8436
ENSGACG00000015402,groupI,F,>1.2,1933
ENSGACG00000015421,groupII,M,>1.5,123920
ENSGACG00000015426,groupIII,F,>2,8604
ENSGACG00000015442,groupIII,M,>1.2,5130
ENSGACG00000015454,groupII,M,>1.5,1800
ENSGACG00000015461,groupXIV,F,>1.5,134430
ENSGACG00000015472,groupI,M,>1.2,2155
ENSGACG00000015479,groupIII,M,>1.2,9230
ENSGACG00000015499,groupII,F,>1.2,6181
ENSGACG00000015516,groupI,F,>1.2,2053
ENSGACG00000015518,groupXIV,M,>1.5,2260
ENSGACG00000015568,groupIII,F,>1.2,6234
ENSGACG00000015591,groupXIV,F,>1.2,57696
ENSGACG00000015631,groupIII,M,>1.5,79971
ENSGACG00000015632,groupII,M,>1.5,144100
ENSGACG00000015670,groupIII,F,>1.5,NA
ENSGACG00000015673,groupXIV,F,>1.2,58478
ENSGACG00000015689,groupIII,F,>1.2,84146
ENSGACG00000015698,groupII,M,>2,10335
ENSGACG00000015710,scaffold_231,M,>1.5,0
ENSGACG00000015752,groupII,F,>1.2,NA
ENSGACG00000015825,groupII,M,>1.5,8854
ENSGACG00000015875,groupII,F,>1.2,25839
ENSGACG00000015911,groupII,M,>1.5,5045
ENSGACG00000015956,groupII,M,>1.5,2294
ENSGACG00000015968,groupIX,M,>1.5,23543
ENSGACG00000015989,groupXIV,F,>1.5,6838
ENSGACG00000015998,groupIII,F,>1.2,55272
ENSGACG00000016009,groupII,F,>1.2,10480
ENSGACG00000016057,groupIX,F,>1.5,54969
ENSGACG00000016060,groupII,F,>1.5,NA
ENSGACG00000016070,groupII,M,>1.2,0
ENSGACG00000016089,groupXIV,F,>1.2,6158
ENSGACG00000016128,groupII,F,>1.2,0
ENSGACG00000016138,groupXIV,F,>1.2,494470
ENSGACG00000016179,groupII,F,>1.5,9816
ENSGACG00000016196,groupIX,M,>2,9353
ENSGACG00000016239,groupII,F,>1.5,64754
ENSGACG00000016266,groupIX,M,>1.5,NA
ENSGACG00000016267,groupIX,M,>1.2,0
ENSGACG00000016274,groupIX,M,>3,54453
ENSGACG00000016276,groupIII,F,>1.2,55277
ENSGACG00000016282,groupIV,M,>1.5,9002
ENSGACG00000016288,groupII,M,>2,23175
ENSGACG00000016318,groupIV,F,>1.5,84273
ENSGACG00000016323,groupIII,M,>1.2,732
ENSGACG00000016331,groupXIV,M,>1.5,0
ENSGACG00000016332,groupIV,F,>1.2,51010
ENSGACG00000016337,groupIV,M,>1.5,7045
ENSGACG00000016344,groupIV,M,>1.2,64411
ENSGACG00000016368,groupII,M,>2,83660
ENSGACG00000016373,groupIII,M,>2,7037
ENSGACG00000016386,groupIX,M,>1.5,7424
ENSGACG00000016408,groupXIV,F,>3,11082
ENSGACG00000016411,groupIV,M,>2,6586
ENSGACG00000016417,groupIII,M,>1.5,312
ENSGACG00000016418,groupIX,M,>2,9464
ENSGACG00000016471,groupIII,M,>1.2,79654
ENSGACG00000016491,groupXIV,F,>1.5,55299
ENSGACG00000016494,groupII,M,>1.2,84888
ENSGACG00000016536,groupIV,F,>1.5,175
ENSGACG00000016538,groupIII,M,>1.5,26289
ENSGACG00000016602,groupIII,F,>1.2,55003
ENSGACG00000016607,groupIX,F,>1.2,26024
ENSGACG00000016628,groupXIV,F,>1.2,10244
ENSGACG00000016648,groupII,F,>1.2,54947
ENSGACG00000016655,groupXIV,F,>1.2,6835
ENSGACG00000016731,groupIV,F,>1.5,166378
ENSGACG00000016738,groupIX,F,>1.5,8662
ENSGACG00000016781,groupIX,M,>2,5930
ENSGACG00000016789,groupIII,F,>1.2,55706
ENSGACG00000016793,groupXIV,F,>1.5,79039
ENSGACG00000016806,groupIX,F,>1.2,23240
ENSGACG00000016813,groupII,F,>2,23530
ENSGACG00000016824,groupIV,M,>1.2,2196
ENSGACG00000016842,groupXIV,F,>1.2,9631
ENSGACG00000016866,groupII,F,>1.5,11057
ENSGACG00000016869,groupXIV,M,>1.5,658
ENSGACG00000016870,groupIX,M,>1.5,8470
ENSGACG00000016879,groupXIV,M,>1.5,10611
ENSGACG00000016928,groupXIV,M,>3,5625
ENSGACG00000016966,groupII,M,>1.5,NA
ENSGACG00000017005,groupXIV,F,>1.5,54509
ENSGACG00000017020,groupXIV,F,>1.5,283385
ENSGACG00000017041,groupXIV,M,>3,NA
ENSGACG00000017048,groupXIV,M,>1.2,2687
ENSGACG00000017074,groupIV,M,>1.5,30008
ENSGACG00000017089,groupIII,M,>1.5,84034
ENSGACG00000017094,groupII,F,>1.5,10196
ENSGACG00000017102,groupIII,M,>1.2,NA
ENSGACG00000017124,groupIX,M,>1.5,22998
ENSGACG00000017134,groupIX,F,>1.5,55319
ENSGACG00000017191,groupIII,F,>1.5,1936
ENSGACG00000017209,groupXIV,F,>1.2,51449
ENSGACG00000017231,groupIX,M,>1.5,64399
ENSGACG00000017232,groupXIV,F,>1.2,4733
ENSGACG00000017247,groupII,M,>1.2,NA
ENSGACG00000017268,groupIV,M,>1.5,2273
ENSGACG00000017272,groupIII,M,>1.5,2875
ENSGACG00000017283,groupIX,M,>3,7350
ENSGACG00000017325,groupII,M,>1.5,2643
ENSGACG00000017335,groupIX,M,>1.5,5311
ENSGACG00000017340,groupXIV,M,>2,3875
ENSGACG00000017346,groupIV,M,>1.2,27286
ENSGACG00000017423,groupII,F,>1.2,NA
ENSGACG00000017431,groupIII,M,>3,7483
ENSGACG00000017481,groupIII,F,>1.5,23560
ENSGACG00000017486,groupIV,M,>1.2,NA
ENSGACG00000017500,groupII,M,>1.2,11345
ENSGACG00000017521,groupIV,F,>1.5,10322
ENSGACG00000017529,groupIX,F,>1.5,79807
ENSGACG00000017577,groupXIV,F,>1.2,79050
ENSGACG00000017591,groupII,M,>2,302
ENSGACG00000017594,groupIII,F,>2,0
ENSGACG00000017601,groupIX,F,>1.5,NA
ENSGACG00000017605,groupIV,M,>1.2,10938
ENSGACG00000017615,groupIX,M,>1.5,54498
ENSGACG00000017616,groupII,M,>1.5,22941
ENSGACG00000017639,groupII,F,>1.2,11321
ENSGACG00000017654,groupIII,M,>3,NA
ENSGACG00000017657,groupIX,M,>1.5,NA
ENSGACG00000017664,groupIV,M,>2,NA
ENSGACG00000017667,groupIII,F,>1.2,8665
ENSGACG00000017671,groupIV,M,>1.5,2157
ENSGACG00000017672,groupIII,F,>2,139212
ENSGACG00000017697,groupIV,M,>1.5,79026
ENSGACG00000017702,groupIV,F,1,1937
ENSGACG00000017765,scaffold_137,F,>1.2,NA
ENSGACG00000017816,groupIII,M,>1.5,0
ENSGACG00000017833,groupXIV,F,>1.5,10280
ENSGACG00000017840,groupIX,M,>1.5,6649
ENSGACG00000017878,groupXIV,F,>1.5,9933
ENSGACG00000017908,groupXIV,M,>1.5,729
ENSGACG00000017926,groupIII,M,>1.5,23514
ENSGACG00000017934,groupIV,M,>1.5,6695
ENSGACG00000017935,groupIII,M,>1.5,6591
ENSGACG00000017982,groupIV,M,1,229
ENSGACG00000017987,groupIII,F,>2,54749
ENSGACG00000017995,groupIV,M,>1.5,0
ENSGACG00000018000,groupIII,M,>1.5,54463
ENSGACG00000018005,groupIV,M,>1.5,5159
ENSGACG00000018018,groupXIV,M,>2,4882
ENSGACG00000018025,scaffold_256,M,>1.5,2658
ENSGACG00000018028,groupIX,M,>1.5,50859
ENSGACG00000018118,groupXIV,F,>2,954
ENSGACG00000018131,groupIV,M,>1.2,51780
ENSGACG00000018139,groupIV,M,>1.5,147
ENSGACG00000018172,groupXIV,F,>3,148
ENSGACG00000018179,groupXIV,M,>1.5,7410
ENSGACG00000018183,groupIX,F,>1.2,NA
ENSGACG00000018190,groupIX,M,>1.2,0
ENSGACG00000018198,groupIX,F,>1.5,284131
ENSGACG00000018233,groupIX,F,>1.5,22984
ENSGACG00000018257,groupXIV,F,>1.5,9013
ENSGACG00000018308,groupXIV,F,>1.2,10783
ENSGACG00000018310,groupIX,M,>3,3872
ENSGACG00000018320,groupIV,M,>1.5,2324
ENSGACG00000018349,groupXIV,M,>1.5,28965
ENSGACG00000018441,groupXIV,F,>1.5,91373
ENSGACG00000018445,groupIV,F,>1.2,54974
ENSGACG00000018512,groupXIV,F,>1.5,6502
ENSGACG00000018531,groupXIV,F,>1.5,28989
ENSGACG00000018536,groupXIV,M,>1.2,389792
ENSGACG00000018540,groupIV,M,>2,186
ENSGACG00000018552,groupIV,M,>1.5,6451
ENSGACG00000018585,groupIV,F,>1.2,NA
ENSGACG00000018608,groupIV,M,>2,51201
ENSGACG00000018611,groupVII,F,>1.5,6059
ENSGACG00000018677,groupIV,F,>1.5,0
ENSGACG00000018690,scaffold_654,F,>1.5,64787
ENSGACG00000018721,groupIX,M,>1.2,7511
ENSGACG00000018746,groupIX,F,>1.5,84464
ENSGACG00000018771,groupIX,M,>1.5,93343
ENSGACG00000018774,groupIV,F,>2,2180
ENSGACG00000018791,groupIV,F,>1.5,25885
ENSGACG00000018804,groupIV,F,>1.5,5318
ENSGACG00000018816,groupIV,F,>1.2,NA
ENSGACG00000018826,groupIV,M,>1.5,0
ENSGACG00000018883,groupVII,M,>1.5,254531
ENSGACG00000018892,groupVII,F,>1.2,NA
ENSGACG00000018906,groupIX,M,>2,55118
ENSGACG00000018934,groupVII,F,>2,123103
ENSGACG00000018937,groupIX,F,>1.2,400506
ENSGACG00000018952,groupIX,M,>1.2,7249
ENSGACG00000019035,groupIX,F,>1.5,51547
ENSGACG00000019109,groupIX,M,>2,54
ENSGACG00000019111,groupVII,M,>1.2,5289
ENSGACG00000019112,groupIX,M,>1.5,2639
ENSGACG00000019122,groupIX,M,>1.5,57153
ENSGACG00000019152,groupVII,M,>1.5,79987
ENSGACG00000019168,groupIX,M,>1.5,4629
ENSGACG00000019181,groupIX,F,>1.2,NA
ENSGACG00000019192,groupIV,M,>1.5,26959
ENSGACG00000019209,groupIX,F,>1.5,10483
ENSGACG00000019234,groupVII,F,>1.2,91875
ENSGACG00000019252,groupIX,M,>1.5,NA
ENSGACG00000019257,groupIV,F,>1.5,673
ENSGACG00000019268,groupIX,M,>2,51
ENSGACG00000019293,groupIV,F,>1.2,51182
ENSGACG00000019313,groupIV,F,>2,23170
ENSGACG00000019327,groupIX,M,>3,NA
ENSGACG00000019334,groupIV,F,>1.5,121053
ENSGACG00000019363,groupIV,F,>1.5,54522
ENSGACG00000019379,groupIX,M,>1.5,NA
ENSGACG00000019414,groupVII,M,>2,8532
ENSGACG00000019459,groupIV,F,>1.5,NA
ENSGACG00000019474,groupVII,M,>2,2169
ENSGACG00000019479,groupIX,M,>1.5,9817
ENSGACG00000019481,groupIV,F,>1.2,11103
ENSGACG00000019502,groupVII,M,>2,286343
ENSGACG00000019507,groupIX,F,>1.5,81691
ENSGACG00000019593,groupVII,F,>1.2,6164
ENSGACG00000019606,groupIX,M,>1.2,4190
ENSGACG00000019693,groupIX,F,>1.2,51575
ENSGACG00000019710,groupVII,M,>1.5,5091
ENSGACG00000019739,groupIX,F,>1.2,10575
ENSGACG00000019756,groupIX,F,>1.5,84946
ENSGACG00000019782,groupIX,F,>3,3098
ENSGACG00000019801,groupIV,M,>1.5,NA
ENSGACG00000019806,groupIV,M,>2,1634
ENSGACG00000019819,groupVII,F,>2,0
ENSGACG00000019847,groupVII,F,>1.5,10574
ENSGACG00000019855,groupIV,M,>1.5,26286
ENSGACG00000019861,groupVII,M,>1.5,116835
ENSGACG00000019870,groupVII,M,>1.5,55577
ENSGACG00000019916,groupIX,M,>1.2,6711
ENSGACG00000019928,groupVII,M,>1.5,402682
ENSGACG00000019945,groupIV,M,>1.5,5764
ENSGACG00000019955,groupIV,M,>1.5,389558
ENSGACG00000019997,groupVII,M,>1.5,139818
ENSGACG00000020001,groupVII,M,>1.5,0
ENSGACG00000020026,groupIV,M,>1.5,8496
ENSGACG00000020041,groupIV,F,>1.2,NA
ENSGACG00000020059,groupIV,F,>1.5,10988
ENSGACG00000020070,groupIV,M,>1.5,3912
ENSGACG00000020072,groupVII,F,>1.2,1973
ENSGACG00000020073,groupIV,F,>1.5,64421
ENSGACG00000020080,groupIV,F,>3,641371
ENSGACG00000020098,groupIV,M,>1.5,57713
ENSGACG00000020101,groupVII,M,>1.2,214
ENSGACG00000020160,groupVII,F,>1.2,348235
ENSGACG00000020163,groupVII,M,>1.5,221154
ENSGACG00000020201,groupVII,M,>2,89766
ENSGACG00000020233,groupVII,M,>1.5,3315
ENSGACG00000020266,groupVII,M,>1.2,443
ENSGACG00000020267,groupVII,F,>1.5,0
ENSGACG00000020268,groupVII,F,>2,0
ENSGACG00000020291,groupVII,F,>1.2,84187
ENSGACG00000020299,groupVII,M,>1.5,92162
ENSGACG00000020319,groupVII,F,>2,NA
ENSGACG00000020364,groupVII,M,>1.2,4641
ENSGACG00000020388,groupVII,F,>3,346606
ENSGACG00000020396,groupVII,M,>1.2,56996
ENSGACG00000020421,groupVII,M,>1.2,84959
ENSGACG00000020432,groupVII,M,>1.5,2273
ENSGACG00000020444,groupVII,M,>1.5,254102
ENSGACG00000020468,groupVII,M,>1.5,27297
ENSGACG00000020494,groupVII,F,>1.5,NA
ENSGACG00000020497,groupVII,M,>1.2,83451
ENSGACG00000020508,groupVII,F,>2,155368
ENSGACG00000020547,groupVII,M,>3,241
ENSGACG00000020609,groupVII,F,>1.5,54475
ENSGACG00000020617,groupVII,F,>1.5,10694
ENSGACG00000020624,groupVII,F,>1.2,11056
ENSGACG00000020625,groupVII,F,>1.2,NA
ENSGACG00000020637,groupVII,F,>1.5,143903
ENSGACG00000020653,groupVII,M,>1.5,NA
ENSGACG00000020754,groupVII,F,>2,10514
ENSGACG00000020797,groupVII,M,>1.5,53917
ENSGACG00000020811,groupVII,M,>1.2,285598
ENSGACG00000020815,groupVII,M,>1.5,6444
ENSGACG00000020846,groupVII,F,>1.2,3980
ENSGACG00000020852,groupVII,M,>1.5,0
ENSGACG00000020885,groupVII,M,>1.2,5515
ENSGACG00000020889,groupVII,F,>1.5,55651
ENSGACG00000020952,MT,M,>2,4541
ENSGACG00000020954,MT,M,>1.2,4519
