population,individual,sex,species,sequenced?,egg diameter.1,egg diameter.2,egg diameter.3,egg diameter.4,egg diameter.5,egg diameter.6,egg diameter.7,egg diameter.8,egg diameter.9,egg diameter.10,egg number,teste length.1,teste length.2,teste width.1,teste width.2,weight (mg),note,std.length,depth.1,membership
AL-S-2014,1,,C,,,,,,,,,,,,,,,,,,,5.115366632,1.224497229,
AL-S-2014,2,,C,,,,,,,,,,,,,,,,,,,4.683676661,1.199903103,
AL-S-2014,3,,C,,,,,,,,,,,,,,,,,,,5.181568772,1.239282381,
AL-S-2014,4,,C,,,,,,,,,,,,,,,,,,,4.227057258,0.794458679,
AL-S-2014,5,,C,,,,,,,,,,,,,,,,,,,4.975822455,1.217238742,
AL-S-2014,6,,C,,,,,,,,,,,,,,,,,,,4.801634309,1.153810652,
AL-S-2014,7,,C,,,,,,,,,,,,,,,,,,,4.656343024,1.167827684,
AL-S-2014,8,,C,,,,,,,,,,,,,,,,,,,4.982804592,1.184501315,
AL-S-2014,9,,C,,,,,,,,,,,,,,,,,,,4.979591626,1.139422344,
AL-S-2014,10,,C,,,,,,,,,,,,,,,,,,,5.063769402,1.184701292,
AL-S-2014,11,,C,,,,,,,,,,,,,,,,,,,4.922550161,1.176784277,
AL-S-2014,12,,C,,,,,,,,,,,,,,,,,,,5.227221917,1.192564467,
AL-S-2014,13,,C,,,,,,,,,,,,,,,,,,,4.834024705,1.092178871,
AL-S-2014,14,,C,,,,,,,,,,,,,,,,,,,4.882580982,1.177754361,
AL-S-2014,15,,C,,,,,,,,,,,,,,,,,,,5.230069844,1.270030153,
AL-S-2014,16,,C,,,,,,,,,,,,,,,,,,,4.830080204,1.194389321,
AL-S-2014,18,,C,,,,,,,,,,,,,,,,,,,3.346191912,0.784929695,
AL-S-2014,19,,C,,,,,,,,,,,,,,,,,,,3.299966415,0.742752095,
AL2014,1,F,B,1,1.3,1.2,1.2,1.5,1.7,1.5,1.2,1.2,1.4,1.4,103,,,,,3.093,,6.007390071,1.432640662,1
AL2014,2,F,B,1,1.7,1.5,1.7,1.6,1.7,1.7,1.6,1.5,1.6,1.6,139,,,,,3.995,,5.793603476,1.384105851,1
AL2014,3,F,B,1,1.2,1.4,1.3,1.4,1.4,1.1,1.3,1.3,1.2,1.5,69,,,,,3.543,,4.893378571,1.200085714,1
AL2014,4,,B,,,,,,,,,,,,,,,,,,,4.896104019,1.163465721,
AL2014,5,F,B,1,1.8,1.6,1.6,1.6,1.5,1.6,1.6,1.55,1.6,1.5,97,,,,,4.376,,5.517735225,1.432782506,1
AL2014,6,M,B,1,,,,,,,,,,,,5,NA,1.1,1,0.613,,5.420040797,1.317036415,1
AL2014,7,F,B,1,1.9,1.6,1.5,1.5,1.4,1.15,1.4,1.5,1.2,1.5,71,,,,,3.703,,5.452945627,1.277304965,1
AL2014,8,,B,,,,,,,,,,,,,,,,,,,5.012976191,1.148202746,
AL2014,9,,B,,,,,,,,,,,,,,,,,,,4.939483843,1.172328852,
AL2014,10,,B,,,,,,,,,,,,,,,,,,,5.623761651,1.312403231,
AL2014,11,F,B,1,1.4,1.5,1.5,1.5,1.5,1.5,1.5,1.6,1.45,1.4,80,,,,,3.45,x9,5.91173752,1.312098267,1
AL2014,12,M,B,1,,,,,,,,,,,,5.7,4.5,1.2,1.3,0.684,,4.967104392,1.134494299,1
AL2014,13,F,B,1,1.3,1.3,1.4,1.1,1.3,1.5,1.3,1.3,1.1,1.3,73,,,,,3.724,,5.750487487,1.322089183,1
AL2014,14,F,B,1,1.5,1.2,1.2,1.2,1.4,1.5,1.4,0.9,1.6,1.6,NA,,,,,2.479,,5.575784081,1.390108059,1
AL2014,15,,B,,,,,,,,,,,,,,,,,,,5.072222708,1.205663683,
AL2014,16,,B,,,,,,,,,,,,,,,,,,,5.056096927,1.163208038,
AL2014,17,,B,,,,,,,,,,,,,,,,,,,5.952634802,1.439695422,
AL2014,18,,B,,,,,,,,,,,,,,,,,,,5.232650109,1.319948563,
AL2014,19,,B,,,,,,,,,,,,,,,,,,,5.562092199,1.269680851,
AL2014,20,,B,,,,,,,,,,,,,,,,,,,5.650011737,1.387323944,
AL2014,21,M,B,1,,,,,,,,,,,,4.7,5.2,0.7,1,0.639,,5.177347518,1.248548463,1
AL2014,22,M,B,1,,,,,,,,,,,,5.5,6.5,1.1,1.25,0.61,,5.350830748,1.30749709,1
AL2014,23,M,B,1,,,,,,,,,,,,NA,NA,NA,NA,0.529,,5.198053153,1.23399749,1
AL2014,24,M,B,1,,,,,,,,,,,,6.3,5.7,1.9,1.2,0.944,,5.328821236,1.255286506,1
AL2014,25,,B,,,,,,,,,,,,,,,,,,,5.453669048,1.300019048,
AL2014,26,,B,,,,,,,,,,,,,,,,,,,5.411408213,1.219137681,
AL2014,27,,B,,,,,,,,,,,,,,,,,,,4.786031656,1.145598895,
AL2014,28,,B,,,,,,,,,,,,,,,,,,,4.994652174,1.231905797,
AL2014,29,M,B,1,,,,,,,,,,,,6.2,5.2,1.2,1,0.611,,5.167809179,1.217929952,1
AL2014,30,,B,,,,,,,,,,,,,,,,,,,4.907237459,1.179913719,
AL2014,31,,B,,,,,,,,,,,,,,,,,,,5.319551351,1.289740438,
AL2014,32,M,B,1,,,,,,,,,,,,7.2,4,1.6,1,0.717,,5.437160672,1.296961631,1
AL2014,33,,B,,,,,,,,,,,,,,,,,,,5.180530545,1.194207792,
AL2014,34,,B,,,,,,,,,,,,,,,,,,,5.527528632,1.359192603,
AL2014,34,,B,,,,,,,,,,,,,,,,,,,5.602248227,1.390234043,
AL2014,35,,B,,,,,,,,,,,,,,,,,,,5.497617569,1.323881145,
AL2014,35,,B,,,,,,,,,,,,,,,,,,,5.54486475,1.348101862,
AL2014,36,,B,,,,,,,,,,,,,,,,,,,5.440983568,1.246478873,
AL2014,37,,B,,,,,,,,,,,,,,,,,,,6.161307329,1.446877069,
AL2014,38,,B,,,,,,,,,,,,,,,,,,,4.826307302,1.153289469,
AL2014,39,,B,,,,,,,,,,,,,,,,,,,4.543311905,1.142878571,
AL2014,40,,B,,,,,,,,,,,,,,,,,,,5.133689036,1.21123633,
AL2014,41,,B,,,,,,,,,,,,,,,,,,,4.943555448,1.169324266,
AL2014,42,,B,,,,,,,,,,,,,,,,,,,4.952152582,1.170053991,
AL2014,43,,B,,,,,,,,,,,,,,,,,,,5.287094189,1.234090839,
AL2014,44,,B,,,,,,,,,,,,,,,,,,,4.900258366,1.141749184,
AL2014,45,,B,,,,,,,,,,,,,,,,,,,4.195368442,0.993794488,
BK,1,,C,,,,,,,,,,,,,,,,,,,5.532773859,1.231903375,
BK,2,,C,,,,,,,,,,,,,,,,,,,4.7690657,1.056285669,
BK,3,,C,,,,,,,,,,,,,,,,,,,5.832170205,1.362095264,
BK,4,,C,,,,,,,,,,,,,,,,,,,5.493616749,1.307765285,
BK,5,,C,,,,,,,,,,,,,,,,,,,5.024924299,1.150040639,
BK,6,,C,,,,,,,,,,,,,,,,,,,4.977374649,1.175954154,
BK,7,,C,,,,,,,,,,,,,,,,,,,5.97458961,1.352033775,
BK,8,,C,,,,,,,,,,,,,,,,,,,5.011373747,1.138505363,
BK,9,,C,,,,,,,,,,,,,,,,,,,6.690560377,1.457483878,
BK,10,,C,,,,,,,,,,,,,,,,,,,4.92749578,1.077354673,
BK,11,,C,,,,,,,,,,,,,,,,,,,5.249132154,1.198697077,
BK,12,,C,,,,,,,,,,,,,,,,,,,5.741741172,1.313530431,
BK,13,,C,,,,,,,,,,,,,,,,,,,5.16391169,1.225393635,
BK,14,,C,,,,,,,,,,,,,,,,,,,5.093897436,1.149279487,
BK,15,,C,,,,,,,,,,,,,,,,,,,5.302852528,1.225668902,
BK,16,,C,,,,,,,,,,,,,,,,,,,5.111524211,1.194141101,
BK,17,,C,,,,,,,,,,,,,,,,,,,5.297289497,1.266937425,
BK,18,,C,,,,,,,,,,,,,,,,,,,5.191669338,1.216451071,
BK,19,,C,,,,,,,,,,,,,,,,,,,5.154120903,1.139225762,
BK,20,,C,,,,,,,,,,,,,,,,,,,5.3611985,1.205596622,
BK,21,,C,,,,,,,,,,,,,,,,,,,5.883453017,1.337232944,
BK,22,,C,,,,,,,,,,,,,,,,,,,5.435276865,1.207121724,
BK,23,,C,,,,,,,,,,,,,,,,,,,5.200489204,1.210201502,
BK,24,,C,,,,,,,,,,,,,,,,,,,5.137964103,1.148820513,
BK,25,,C,,,,,,,,,,,,,,,,,,,4.964116905,1.122754583,
BK,26,,C,,,,,,,,,,,,,,,,,,,5.436389323,1.264137059,
BK,27,,C,,,,,,,,,,,,,,,,,,,5.334084575,1.221136811,
BK,28,,C,,,,,,,,,,,,,,,,,,,4.932572862,1.082041736,
BK,29,,C,,,,,,,,,,,,,,,,,,,5.357372452,1.189363491,
BK,30,,C,,,,,,,,,,,,,,,,,,,4.586238368,1.009572976,
BK,31,,C,,,,,,,,,,,,,,,,,,,5.065837618,1.124477891,
BK,32,,C,,,,,,,,,,,,,,,,,,,4.608853074,1.108224283,
BK,33,,C,,,,,,,,,,,,,,,,,,,4.751727355,1.083949065,
BK,34,,C,,,,,,,,,,,,,,,,,,,5.5277999,1.293398281,
BK,35,,C,,,,,,,,,,,,,,,,,,,4.771533526,1.132684532,
BK,36,,C,,,,,,,,,,,,,,,,,,,4.298308012,0.783765673,
BK,37,,C,,,,,,,,,,,,,,,,,,,4.661414295,1.070981371,
BK,38,,C,,,,,,,,,,,,,,,,,,,6.162670557,1.440153213,
BK,39,,C,,,,,,,,,,,,,,,,,,,5.160724227,1.189193299,
BK,40,,C,,,,,,,,,,,,,,,,,,,5.643457236,1.275610714,
BK,41,,C,,,,,,,,,,,,,,,,,,,4.772179956,1.076279113,
BK,42,,C,,,,,,,,,,,,,,,,,,,4.828552115,1.17395286,
BK,43,,C,,,,,,,,,,,,,,,,,,,4.404906088,0.991231803,
BK,44,,C,,,,,,,,,,,,,,,,,,,5.390471845,1.11800486,
BK,45,,C,,,,,,,,,,,,,,,,,,,4.958397215,1.216548817,
BK,46,,C,,,,,,,,,,,,,,,,,,,5.830909805,1.319094785,
BK,47,,C,,,,,,,,,,,,,,,,,,,4.73995198,1.076230426,
BK,48,,C,,,,,,,,,,,,,,,,,,,4.369915453,0.978966269,
BK,49,,C,,,,,,,,,,,,,,,,,,,4.671323382,1.102482784,
BK,50,,C,,,,,,,,,,,,,,,,,,,4.936907887,1.156379445,
BK,51,,C,,,,,,,,,,,,,,,,,,,5.463644708,1.215444653,
BK,52,,C,,,,,,,,,,,,,,,,,,,5.236422332,1.258655836,
BK,53,,C,,,,,,,,,,,,,,,,,,,5.104471434,1.124937192,
BK,54,,C,,,,,,,,,,,,,,,,,,,5.02339928,1.169828108,
BK,55,,C,,,,,,,,,,,,,,,,,,,4.657572075,1.153836292,
BK,56,,C,,,,,,,,,,,,,,,,,,,5.505457195,1.265451717,
BK,57,,C,,,,,,,,,,,,,,,,,,,5.289419966,1.162780482,
BK,58,,C,,,,,,,,,,,,,,,,,,,4.627914729,1.077630491,
BK,59,,C,,,,,,,,,,,,,,,,,,,5.737844587,1.234223936,
BK,60,,C,,,,,,,,,,,,,,,,,,,5.262794024,1.288159055,
BK,61,,C,,,,,,,,,,,,,,,,,,,4.958769518,1.119363457,
BK,62,,C,,,,,,,,,,,,,,,,,,,4.586140537,1.055118069,
BK,63,,C,,,,,,,,,,,,,,,,,,,4.616190104,1.016375,
BK,64,,C,,,,,,,,,,,,,,,,,,,6.270502454,1.404733652,
BK,65,,C,,,,,,,,,,,,,,,,,,,4.720407692,1.010623077,
BK,66,,C,,,,,,,,,,,,,,,,,,,5.455971894,1.302178995,
BK,67,,C,,,,,,,,,,,,,,,,,,,5.706688473,1.330970716,
BK,68,,C,,,,,,,,,,,,,,,,,,,4.921006753,1.142711373,
BK,69,,C,,,,,,,,,,,,,,,,,,,5.165976563,1.187526042,
BK,70,,C,,,,,,,,,,,,,,,,,,,4.504402964,1.141633851,
BK,71,,C,,,,,,,,,,,,,,,,,,,4.919197358,1.107683866,
BK,72,,C,,,,,,,,,,,,,,,,,,,4.993602067,1.11630491,
BK,73,,C,,,,,,,,,,,,,,,,,,,5.499812506,1.232878139,
BR,1,,C,,,,,,,,,,,,,,,,,,,4.798516089,1.08975486,
BR,2,,C,,,,,,,,,,,,,,,,,,,4.692245986,1.088124864,
BR,3,,C,,,,,,,,,,,,,,,,,,,5.169524205,1.085087726,
BR,4,,C,,,,,,,,,,,,,,,,,,,4.90310009,1.057596899,
BR,5,,C,,,,,,,,,,,,,,,,,,,4.729422262,0.990341546,
BR,6,,C,,,,,,,,,,,,,,,,,,,5.479556192,1.190161418,
BR,7,,C,,,,,,,,,,,,,,,,,,,6.016956186,1.371134021,
BR,8,,C,,,,,,,,,,,,,,,,,,,5.252889632,1.147954746,
BR,9,,C,,,,,,,,,,,,,,,,,,,5.276317925,1.164937431,
BR,10,,C,,,,,,,,,,,,,,,,,,,5.076841837,1.173568878,
BR,11,,C,,,,,,,,,,,,,,,,,,,5.273963154,1.13405982,
BR,12,,C,,,,,,,,,,,,,,,,,,,6.752167493,1.472564743,
BR,13,,C,,,,,,,,,,,,,,,,,,,5.663323257,1.348645329,
BR,14,,C,,,,,,,,,,,,,,,,,,,5.730396568,1.323095423,
BR,15,,C,,,,,,,,,,,,,,,,,,,5.246512367,1.235874479,
BR,16,,C,,,,,,,,,,,,,,,,,,,5.739708465,1.33331624,
BR,17,,C,,,,,,,,,,,,,,,,,,,5.785825641,1.420594872,
BR,18,F,C,1,,,,,,,,,,,,,,,,,,5.171258864,1.247673566,1
BR,19,M,C,1,,,,,,,,,,,,,,,,,,6.029693273,1.456657462,1
BR,20,F,C,1,,,,,,,,,,,,,,,,,,5.50341723,1.314795351,1
BR,21,M,C,1,,,,,,,,,,,,,,,,,,5.173652188,1.17433933,1
BR,22,,C,,,,,,,,,,,,,,,,,,,5.484654639,1.17747165,
BR,23,F,C,1,,,,,,,,,,,,,,,,,,5.633180699,1.337194679,1
BR,24,M,C,1,,,,,,,,,,,,,,,,,,5.655117602,1.26165119,1
BR,25,F,C,1,,,,,,,,,,,,,,,,,,5.721345302,1.311277324,1
BR,26,,C,,,,,,,,,,,,,,,,,,,5.695933674,1.389104592,
BR,27,,C,,,,,,,,,,,,,,,,,,,4.838900539,1.082418568,
BR,28,F,C,1,,,,,,,,,,,,,,,,,,4.997580184,1.211371848,1
BR,29,M,C,1,,,,,,,,,,,,,,,,,,5.132549054,1.189503745,1
BR,30,M,C,1,,,,,,,,,,,,,,,,,,5.303999015,1.184651596,1
BR,31,M,C,1,,,,,,,,,,,,,,,,,,5.181213319,1.143538425,1
BR,32,M,C,1,,,,,,,,,,,,,,,,,,5.040224872,1.127418721,1
BR,33,F,C,1,,,,,,,,,,,,,,,,,,5.721336353,1.362199744,1
BR,34,,C,,,,,,,,,,,,,,,,,,,5.633300107,1.306940918,
BR,35,,C,,,,,,,,,,,,,,,,,,,5.073019209,1.09692838,
BR,36,M,C,1,,,,,,,,,,,,,,,,,,5.174353423,1.186907385,1
BR,37,F,C,1,,,,,,,,,,,,,,,,,,5.699637131,1.401557028,1
BR,38,,C,,,,,,,,,,,,,,,,,,,5.699585465,1.317733192,
BR,39,,C,,,,,,,,,,,,,,,,,,,5.257733333,1.174458974,
BR,40,,C,,,,,,,,,,,,,,,,,,,5.425138139,1.260573582,
BR,41,,C,,,,,,,,,,,,,,,,,,,5.646180533,1.347008329,
BR,42,,C,,,,,,,,,,,,,,,,,,,5.13267093,1.247314857,
BR,43,,C,,,,,,,,,,,,,,,,,,,5.791451392,1.2975808,
BR,44,,C,,,,,,,,,,,,,,,,,,,5.837521569,1.3435174,
BR,45,,C,,,,,,,,,,,,,,,,,,,5.04609239,1.165406478,
BR,46,,C,,,,,,,,,,,,,,,,,,,5.232273945,1.201835874,
BR,47,,C,,,,,,,,,,,,,,,,,,,5.331935208,1.220466304,
BR,48,,C,,,,,,,,,,,,,,,,,,,6.24660507,1.405450961,
BR,49,,C,,,,,,,,,,,,,,,,,,,6.235479487,1.411441026,
BR,50,,C,,,,,,,,,,,,,,,,,,,5.340281178,1.175019712,
BR,51,,C,,,,,,,,,,,,,,,,,,,5.445340032,1.308157422,
BR,52,,C,,,,,,,,,,,,,,,,,,,5.292846332,1.250370623,
BR,53,,C,,,,,,,,,,,,,,,,,,,5.281699639,1.286665444,
BR,54,,C,,,,,,,,,,,,,,,,,,,5.626249962,1.323059291,
BR,55,,C,,,,,,,,,,,,,,,,,,,5.409146037,1.189905258,
BR,56,,C,,,,,,,,,,,,,,,,,,,5.093728286,1.190784599,
BR,57,,C,,,,,,,,,,,,,,,,,,,6.154332218,1.396751932,
BR,58,,C,,,,,,,,,,,,,,,,,,,5.206209105,1.175293683,
BR,59,,C,,,,,,,,,,,,,,,,,,,4.82634012,1.152358463,
BR,60,,C,,,,,,,,,,,,,,,,,,,6.224727528,1.376368805,
BR,61,,C,,,,,,,,,,,,,,,,,,,5.286337355,1.138921296,
BR,62,,C,,,,,,,,,,,,,,,,,,,5.592649734,1.384908179,
BR,63,,C,,,,,,,,,,,,,,,,,,,5.687818443,1.325162813,
BR,64,,C,,,,,,,,,,,,,,,,,,,5.121888758,1.18864623,
BR,65,,C,,,,,,,,,,,,,,,,,,,5.269933493,1.232915156,
BR,66,,C,,,,,,,,,,,,,,,,,,,5.205760715,1.169167814,
BR,67,,C,,,,,,,,,,,,,,,,,,,5.623875981,1.273555753,
BR,68,,C,,,,,,,,,,,,,,,,,,,5.509774614,1.273890209,
BR,69,,C,,,,,,,,,,,,,,,,,,,5.81453726,1.396827554,
BR,70,,C,,,,,,,,,,,,,,,,,,,5.724690067,1.275608387,
CB,1,,C,,,,,,,,,,,,,,,,,,,3.886763359,0.926216285,
CL,1,,B,,,,,,,,,,,,,,,,,,,4.665020356,1.038195929,
CL,2,,B,,,,,,,,,,,,,,,,,,,3.917378903,0.900771225,
CL,3,,B,,,,,,,,,,,,,,,,,,,4.204673608,0.984851431,
CL,4,F,B,1,1.5,1.6,1.5,1.5,1.4,1.5,1.5,1.5,1.5,1.45,80,,,,,3.746,,5.511225621,1.274061692,NA
CL,5,,B,,,,,,,,,,,,,,,,,,,3.929504902,0.933852941,
CL,6,,B,,,,,,,,,,,,,,,,,,,3.683057991,0.844453607,
CL,7,,B,,,,,,,,,,,,,,,,,,,4.253973039,1.051495098,
CL,8,,B,,,,,,,,,,,,,,,,,,,5.377433824,1.191267157,
CL,9,F,B,1,1.1,1.2,1.1,1.1,1.05,1.05,1,1.2,1.2,1.1,99,,,,,1.81,,5.490739758,1.222211249,1
CL,10,,B,,,,,,,,,,,,,,,,,,,5.468961397,1.355489774,
CL,11,F,B,1,1,1,0.9,1,0.9,0.9,0.8,1,1,1,91,,,,,1.25,,5.885,1.257696078,1
CL,12,F,B,1,NA,NA,NA,NA,NA,NA,NA,NA,NA,NA,,,,,,NA,eggs disintigrated,5.386918115,1.236848264,1
CL,13,,B,,,,,,,,,,,,,,,,,,,3.549211171,0.796033436,
CL,14,,B,,,,,,,,,,,,,,,,,,,3.859939812,0.858398481,
CL,16,,B,,,,,,,,,,,,,,,,,,,3.866123175,0.838037046,
CL,17,F,B,1,1.5,1.5,1.5,1.4,1.6,1.4,1.5,1.55,1.5,1.4,87,,,,,3.73,,4.886652482,1.177390071,1
CL,18,,B,,,,,,,,,,,,,,,,,,,3.750198337,0.868970665,
CL,19,M,B,1,,,,,,,,,,,,4,3.3,1,0.9,0.384,,3.990353227,0.867512286,2
CL,20,,B,,,,,,,,,,,,,,,,,,,3.638470449,0.851092199,
CL,21,M,B,1,,,,,,,,,,,,2.7,NA,0.7,NA,0.278,torn,3.844390071,0.893730497,2
CL,22,,B,,,,,,,,,,,,,,,,,,,4.087012007,0.943508622,
CL,23,M,B,1,,,,,,,,,,,,3.9,3.7,0.9,0.9,0.484,,4.729359469,1.030130163,1
CL,24,F,B,1,1,1,1,1,1,1.2,1.2,1.1,1.05,1.1,134,,,,,1.865,,5.39591344,1.271395273,1
CL,25,M,B,1,,,,,,,,,,,,3.7,2.9,0.75,0.5,0.255,,3.489231275,0.831068189,2
CL,26,,B,,,,,,,,,,,,,,,,,,,4.123704762,0.895169048,
CL,27,F,B,1,1.6,1.7,1.55,1.5,1.6,1.5,1.6,1.5,1.5,1.5,104,,,,,3.96,,5.192051399,1.23399749,1
CL,28,M,B,1,,,,,,,,,,,,4.2,NA,0.7,NA,0.427,torn,4.674090575,1.042606881,1
CL,29,M,B,1,,,,,,,,,,,,3.5,4.7,1,1.3,0.44,,3.8198071,0.929892312,2
CL,30,,B,,,,,,,,,,,,,,,,,,,4.057952719,0.950593381,
CL,31,F,B,1,1.7,1.6,0.15,1.5,1.6,1.6,1.5,1.6,1.7,1.6,25,,,,,3.725,,4.000657193,0.8515145,2
CL,32,,B,,,,,,,,,,,,,,,,,,,4.050433677,0.900714166,
CL,33,F,B,1,1.5,1.5,1.5,1.4,1.3,1.3,1.4,1.4,1.45,1.45,34,,,,,2.73,,3.854417497,0.83170414,2
CL,34,,B,,,,,,,,,,,,,,,,,,,3.81293391,0.901064431,
CL,35,,B,,,,,,,,,,,,,,,,,,,3.60301182,0.773179669,
CL,36,,B,,,,,,,,,,,,,,,,,,,4.326264775,0.89364539,
CL,37,,B,,,,,,,,,,,,,,,,,,,3.764737114,0.921847285,
CL,38,F,B,1,NA,NA,NA,NA,NA,NA,NA,NA,NA,NA,,,,,,NA,egg disintigrated,4.943171429,1.192942857,1
CL,39,M,B,1,,,,,,,,,,,,2.4,3.9,0.6,0.9,0.559,,3.894969634,0.858601786,2
CL,40,F,B,1,1.3,1.3,1.4,1.2,1.3,1.4,1.5,1.3,1.3,1.4,33,,,,,2.65,,3.525759377,0.838779606,2
CL,41,F,B,1,1.4,1.4,1.5,1.5,1.5,1.4,1.4,1.5,1.45,1.4,40,,,,,2.84,,4.126449974,0.958065167,2
CL,42,M,B,1,,,,,,,,,,,,3,2.7,0.5,0.8,0.285,,3.606633878,0.797951097,2
CL,43,,B,,,,,,,,,,,,,,,,,,,5.318531681,1.226048154,1
CL,44,,B,,,,,,,,,,,,,,,,,,,4.00779108,0.929816901,
CL,45,M,B,1,,,,,,,,,,,,3.7,4.3,0.9,1.1,0.405,,3.538302817,0.747673709,2
CL,46,,B,,,,,,,,,,,,,,,,,,,3.735323944,0.866312207,
CL,47,F,B,1,1.3,1.45,1.45,1.3,1.45,1.3,1.5,1.3,1.4,1.4,56,,,,,3.114,,3.902059285,0.872433577,2
CL,48,,B,,,,,,,,,,,,,,,,,,,4.080479905,0.879690307,
CL,49,,B,,,,,,,,,,,,,,,,,,,3.508761511,0.795784616,
CL,50,F,B,1,1,1,1,1.2,1.1,1.2,1.1,1.1,1.1,1,74,,,,,2.079,,5.183204942,1.204127762,1
CL,51,,B,,,,,,,,,,,,,,,,,,,3.48867048,0.795784616,
CL,52,,B,,,,,,,,,,,,,,,,,,,3.999895677,0.885504477,
CL,53,F,B,1,0.9,0.93,1,0.95,1,0.95,0.9,1,0.9,0.9,104,,,,,1.642,,,,1
CL,54,F,B,1,1.5,1.4,1.4,1.4,1.3,1.2,1.2,1.4,1.3,1.3,86,,,,,2.77,,4.272514985,1.035443493,2
CL,55,,B,,,,,,,,,,,,,,,,,,,3.865841865,0.929511644,
CL,56,F,B,1,1.4,1.5,1.5,1.5,1.4,1.5,1.5,1.3,1.3,1.4,39,,,,,2.912,,3.364037815,0.758977899,2
CL,57,,B,,,,,,,,,,,,,,,,,,,3.845302817,0.937915493,
CL,58,F,B,1,1.2,1.25,0.13,1.3,1.3,1,1.4,1.1,1.4,1.4,88,,,,,2.97,,5.128684597,1.2081648,1
CL,59,,B,,,,,,,,,,,,,,,,,,,3.820237036,0.839069883,
CL,60,,B,,,,,,,,,,,,,,,,,,,4.253697675,0.901824131,
CL,61,,B,,,,,,,,,,,,,,,,,,,3.603680851,0.837,
CL,62,,B,,,,,,,,,,,,,,,,,,,3.718849765,0.866225352,
CL,63,F,B,1,1.5,1.45,1.45,1.5,1.6,1.5,1.3,1.4,1.4,1.45,29,,,,,2.741,,3.493172577,0.744815603,2
CL,64,,B,,,,,,,,,,,,,,,,,,,5.818455392,1.401372265,
CL,65,M,B,1,,,,,,,,,,,,4,3.5,1,0.8,0.375,,3.6975172,0.859160914,NA
CPN,1,,C,,,,,,,,,,,,,,,,,,,5.830831755,1.363007425,
CPN,2,,C,,,,,,,,,,,,,,,,,,,4.925814361,1.121451022,
CPN,3,,C,,,,,,,,,,,,,,,,,,,5.861018728,1.29316362,
CPN,4,,C,,,,,,,,,,,,,,,,,,,5.942834898,1.418185075,
CPN,5,,C,,,,,,,,,,,,,,,,,,,5.395249288,1.276521285,
CPN,6,F,C,1,,,,,,,,,,,,,,,,,,5.541237037,1.222244444,1
CPN,7,,C,,,,,,,,,,,,,,,,,,,5.014277801,1.16579179,
CPN,8,M,C,1,,,,,,,,,,,,5.2,6.2,1.5,1.4,1.039,,4.706983642,1.149825278,1
CPN,9,M,C,1,,,,,,,,,,,,,,,,,,5.066253027,1.21427534,1
CPN,10,F,C,1,,,,,,,,,,,,,,,,,,5.168597122,1.244625899,1
CPN,11,,C,,,,,,,,,,,,,,,,,,,5.143381763,1.143432101,
CPN,12,M,C,1,,,,,,,,,,,,,,,,,,5.05767234,1.309495433,1
CPN,13,M,C,1,,,,,,,,,,,,,,,,,,5.064272225,1.196443837,1
CPN,14,,C,,,,,,,,,,,,,,,,,,,5.274498754,1.179846575,
CPN,15,F,C,1,,,,,,,,,,,,,,,,,,5.394578858,1.273142329,1
CPN,16,,C,,,,,,,,,,,,,,,,,,,5.163880841,1.209573782,
CPN,17,M,C,1,,,,,,,,,,,,4,4.5,1.3,1.3,0.638,,4.728766667,1.178592857,1
CPN,18,,C,,,,,,,,,,,,,,,,,,,5.351759225,1.229193202,
CPN,19,F,C,1,,,,,,,,,,,,,,,,,,5.657049047,1.354545519,1
CPN,20,M,C,1,,,,,,,,,,,,,,,,,,5.099153527,1.201446812,1
CPN,21,,C,,,,,,,,,,,,,,,,,,,5.178281747,1.10723664,
CPN,22,,C,,,,,,,,,,,,,,,,,,,5.488261402,1.244809288,
CPN,23,M,C,1,,,,,,,,,,,,,,,,,,5.029657507,1.157956753,1
CPN,24,,C,,,,,,,,,,,,,,,,,,,4.86486052,1.120588653,
CPN,25,F,C,1,,,,,,,,,,,,,,,,,,4.977478957,1.151532031,1
CPN,26,,C,,,,,,,,,,,,,,,,,,,5.166774646,1.104851152,
CPN,26,,C,,,,,,,,,,,,,,,,,,,5.183153014,1.148275106,
CPN,27,,C,,,,,,,,,,,,,,,,,,,5.577693048,1.28373475,
CPN,27,F,C,1,,,,,,,,,,,,,,,,,,5.661978693,1.336508506,1
CPN,28,,C,,,,,,,,,,,,,,,,,,,4.916142071,1.085223992,
CPN,28,F,C,1,,,,,,,,,,,,,,,,,,4.975777234,1.123062525,1
CPN,29,,C,,,,,,,,,,,,,,,,,,,4.921893617,1.184588653,
CPN,29,,C,,,,,,,,,,,,,,,,,,,4.965243874,1.219341608,
CPN,30,,C,,,,,,,,,,,,,,,,,,,4.780022269,1.113649527,
CPN,30,,C,,,,,,,,,,,,,,,,,,,4.828079082,1.13269898,
CPN,31,,C,,,,,,,,,,,,,,,,,,,4.65447538,1.119807437,
CPN,31,,C,,,,,,,,,,,,,,,,,,,4.732372662,1.169261933,
CPN,32,,C,,,,,,,,,,,,,,,,,,,4.836470524,1.219816898,
CPN,32,,C,,,,,,,,,,,,,,,,,,,4.931790852,1.230713218,
CPN,33,,C,,,,,,,,,,,,,,,,,,,5.06890375,1.128631519,
CPN,33,M,C,1,,,,,,,,,,,,,,,,,,5.05792018,1.142260941,1
CPN,34,,C,,,,,,,,,,,,,,,,,,,5.442866564,1.242810855,
CPN,34,,C,,,,,,,,,,,,,,,,,,,5.443342176,1.280587725,
CPN,35,,C,,,,,,,,,,,,,,,,,,,3.563036039,0.81685139,
CPN,35,,C,,,,,,,,,,,,,,,,,,,,,
CPN,36,,C,,,,,,,,,,,,,,,,,,,3.376959811,0.837148936,
CPN,36,,C,,,,,,,,,,,,,,,,,,,3.446263192,0.864940053,
CPS,1,,B,,,,,,,,,,,,,,,,,,,5.280594724,1.317254197,
CPS,2,,B,,,,,,,,,,,,,,,,,,,5.516011343,1.316492199,
CPS,3,,B,,,,,,,,,,,,,,,,,,,5.464069795,1.333474231,
CPS,4,,B,,,,,,,,,,,,,,,,,,,5.297139448,1.239119251,
CPS,5,,B,,,,,,,,,,,,,,,,,,,4.956399709,1.152348609,
CPS,6,,B,,,,,,,,,,,,,,,,,,,5.238389395,1.215795267,
CPS,7,,B,,,,,,,,,,,,,,,,,,,5.6960588,1.297390649,
CPS,8,,B,,,,,,,,,,,,,,,,,,,4.748860342,1.174043371,
CPS,9,,B,,,,,,,,,,,,,,,,,,,5.500043478,1.282792271,
CPS,10,,B,,,,,,,,,,,,,,,,,,,5.213550725,1.260951691,
CPS,11,,B,,,,,,,,,,,,,,,,,,,5.164452158,1.144517982,
CPS,12,,B,,,,,,,,,,,,,,,,,,,5.072134788,1.294949054,
CPS,13,,B,,,,,,,,,,,,,,,,,,,5.057284261,1.180084548,
CPS,14,,B,,,,,,,,,,,,,,,,,,,5.305636807,1.181483101,
CPS,15,,B,,,,,,,,,,,,,,,,,,,3.793524173,0.695328244,
CPS,16,,B,,,,,,,,,,,,,,,,,,,4.007250427,0.961548125,
CPS,17,,B,,,,,,,,,,,,,,,,,,,3.325254095,0.776899172,
CPS,6A,,B,,,,,,,,,,,,,,,,,,,3.83525,0.947090909,
CPSE2014,1,,B,,,,,,,,,,,,,,,,,,,4.81459748,1.113063678,
CPSE2014,2,M,B,1,,,,,,,,,,,,6.5,6.2,1.5,1.4,0.909,,4.952843624,1.219643066,1
CPSE2014,3,,B,,,,,,,,,,,,,,,,,,,5.87437517,1.333062089,
CPSE2014,4,,B,,,,,,,,,,,,,,,,,,,5.030316179,1.194834007,
CPSE2014,5,,B,,,,,,,,,,,,,,,,,,,5.077636073,1.239020851,
CPSE2014,6,,B,,,,,,,,,,,,,,,,,,,5.512242514,1.303414364,
CPSE2014,7,,B,,,,,,,,,,,,,,,,,,,5.897658793,1.354902887,
CPSE2014,8,,B,,,,,,,,,,,,,,,,,,,4.851777778,1.186273902,
CPSE2014,9,F,B,1,1.6,1.6,1.55,1.6,1.5,1,1.5,0.95,1.5,0.9,NA,,,,,3.724,,5.749325641,1.330858974,1
CPSE2014,10,,B,,,,,,,,,,,,,,,,,,,4.981067771,1.11068649,
CPSE2014,11,F,B,1,0.7,1.1,1.1,1,0.9,1.2,1,1,0.9,1,63,,,,,1.387,,5.459104167,1.266804688,NA
CPSE2014,12,M,B,1,,,,,,,,,,,,2.2,4.7,0.6,1.1,0.6,,4.913012613,1.086944131,NA
CPSE2014,13,,B,,,,,,,,,,,,,,,,,,,4.800078551,1.14766984,
CPSE2014,14,,B,,,,,,,,,,,,,,,,,,,4.584623077,1.111530769,
CPSE2014,15,F,B,1,1.6,1.7,1.7,1.6,1.5,1.6,1.6,1.5,1.6,1.5,93,,,,,3.66,,5.134694872,1.300569231,1
CPSE2014,16,F,B,1,1.5,1.5,1.5,1.6,1.5,1.5,1.5,1.5,1.5,1.7,75,,,,,3.81,,5.674070081,1.336260325,1
CPSE2014,17,,B,,,,,,,,,,,,,,,,,,,5.143098958,1.195541667,
CPSE2014,18,,B,,,,,,,,,,,,,,,,,,,5.288465116,1.248062016,
CPSE2014,19,F,B,1,0.9,0.9,0.9,1,1,0.8,1,1,0.9,1,98,,,,,1.898,,5.851504641,1.415075571,1
CPSE2014,20,M,B,1,,,,,,,,,,,,5.5,4.7,1.1,1.3,0.725,,4.962086447,1.22000093,1
CPSE2014,21,M,B,1,,,,,,,,,,,,6,5,1.2,1.2,0.82,,4.999510551,1.179391052,1
CPSE2014,22,,B,,,,,,,,,,,,,,,,,,,5.015299267,1.189071657,
CPSE2014,23,F,B,1,0.9,0.9,0.9,0.8,0.9,1,1,0.9,0.8,0.9,57,,,,,1.44,,5.340464895,1.226336651,1
CPSE2014,24,,B,,,,,,,,,,,,,,,,,,,5.209582972,1.262187024,
CPSE2014,25,M,B,1,,,,,,,,,,,,6,6,1.2,1.2,0.668,,5.022496693,1.254736831,1
CPSE2014,26,,B,,,,,,,,,,,,,,,,,,,5.423007653,1.221785714,
CPSE2014,27,,B,,,,,,,,,,,,,,,,,,,5.166332522,1.214143238,
CPSE2014,28,,B,,,,,,,,,,,,,,,,,,,4.948664761,1.112819066,
CPSE2014,29,,B,,,,,,,,,,,,,,,,,,,5.386716837,1.250260204,
CPSE2014,30,,B,,,,,,,,,,,,,,,,,,,5.348968389,1.215319175,
CPSE2014,31,,B,,,,,,,,,,,,,,,,,,,5.413880278,1.27173665,
CPSE2014,32,M,B,1,,,,,,,,,,,,7,5.5,1.3,1,0.932,,5.134701872,1.232040824,1
CPSE2014,33,M,B,1,,,,,,,,,,,,5.2,5.2,1.3,1.1,0.882,,5.334457251,1.30255766,1
CPSE2014,34,F,B,1,1.5,1.5,1.6,1.4,1.45,1.6,1.5,1.5,1.6,1.5,69,,,,,3.921,,5.50974369,1.314357061,1
CPSE2014,35,,B,,,,,,,,,,,,,,,,,,,5.010564297,1.21221376,
CPSE2014,36,,B,,,,,,,,,,,,,,,,,,,5.550503199,1.205123011,
CPSE2014,37,,B,,,,,,,,,,,,,,,,,,,5.107651405,1.307538085,
CPSE2014,38,M,B,1,,,,,,,,,,,,7.6,5.2,1.5,0.9,0.746,,4.823786412,1.183874714,1
CPSE2014,39,,B,,,,,,,,,,,,,,,,,,,5.420917681,1.292544967,
CPSE2014,40,,B,,,,,,,,,,,,,,,,,,,5.82709196,1.292452661,
FTGC,1,,B,,,,,,,,,,,,,,,,,,,5.329588536,1.201912347,
FTGC,2,,B,,,,,,,,,,,,,,,,,,,5.47931228,1.327503699,
FTGC,3,,B,,,,,,,,,,,,,,,,,,,5.193579811,1.252531519,
FTGC,4,,B,,,,,,,,,,,,,,,,,,,5.438413393,1.209104218,
FTGC,5,,B,,,,,,,,,,,,,,,,,,,5.659106329,1.306456385,
FTGC,6,,B,,,,,,,,,,,,,,,,,,,5.155491916,1.214905421,
FTGC,7,,B,,,,,,,,,,,,,,,,,,,5.587191327,1.295928571,
FTGC,8,,B,,,,,,,,,,,,,,,,,,,5.246259867,1.247450525,
FTGC,9,,B,,,,,,,,,,,,,,,,,,,5.442343848,1.319164296,
FTGC,10,,B,,,,,,,,,,,,,,,,,,,5.419885787,1.247274808,
FTGC,11,,B,,,,,,,,,,,,,,,,,,,5.157208871,1.168029317,
FTGC,12,,B,,,,,,,,,,,,,,,,,,,5.792329156,1.325908866,
FTGC,13,,B,,,,,,,,,,,,,,,,,,,5.153019109,1.220643352,
FTGC,14,,B,,,,,,,,,,,,,,,,,,,5.051792707,1.234721496,
GC,1,F,B,1,1.3,1.3,1.4,1.3,1.45,1.3,1.3,1.4,1.25,1.25,109,,,,,3.73,,6.153337629,1.350554124,1
GC,2,F,B,1,1.5,1.55,0.155,1.6,1.45,1.5,1.6,1.6,1.5,1.5,66,,,,,4.758,,5.176502564,1.205520513,1
GC,3,,B,,,,,,,,,,,,,,,,,,,5.453750329,1.226756622,
GC,4,F,B,1,0.7,0.8,0.65,0.75,0.8,0.9,0.8,0.8,0.8,0.65,120,,,,,0.772,,5.600083124,1.28005222,1
GC,5,,B,,,,,,,,,,,,,,,,,,,5.519474592,1.323641548,
GC,6,,B,,,,,,,,,,,,,,,,,,,5.211350516,1.278360825,
GC,7,M,B,1,,,,,,,,,,,,4,5,0.9,0.9,0.391,,4.928291731,1.071463374,1
GC,8,,B,,,,,,,,,,,,,,,,,,,5.066694017,1.08717837,
GC,9,M,B,1,,,,,,,,,,,,6.3,6.3,1.7,1.5,0.309,,5.206781496,1.223127757,1
GC,10,M,B,1,,,,,,,,,,,,7.6,5.4,1.3,1.5,0.869,,6.170525773,1.38168299,1
GC,11,,B,,,,,,,,,,,,,,,,,,,5.360741026,1.266676923,
GC,12,F,B,1,1.5,1.5,1.6,1.7,1.6,1.5,1.6,1.5,1.7,1.45,100,,,,,4.495,,5.959368855,1.394806946,1
GC,13,F,B,1,1.5,1.45,1.35,1.3,1.3,1.4,1.6,1.35,1.4,1.4,44,,,,,4.742,,4.351828612,1.052654535,1
GC,14,F,B,1,1.4,1.3,1.3,1.4,1.2,1.3,1.3,1.3,1.3,1.4,92,,,,,3.641,,5.656320056,1.349846167,1
GC,15,M,B,1,,,,,,,,,,,,7.5,7.7,1.35,1.5,1.059,,4.690040077,1.046391155,1
GC,16,M,B,1,,,,,,,,,,,,5.4,4.9,1.2,1.45,0.615,,6.117575031,1.382635426,1
GC,17,,B,,,,,,,,,,,,,,,,,,,5.289224227,1.077518041,
GC,18,F,B,1,1.85,1.8,1.8,1.8,1.6,1.9,1.7,1.7,1.7,1.8,215,,,,,5.922,,6.156436548,1.436629442,1
GC,19,M,B,1,,,,,,,,,,,,6,5,1.4,1.2,0.73,,5.24998087,1.178343868,1
GC,20,,B,,,,,,,,,,,,,,,,,,,5.271681172,1.242211117,
GC,21,M,B,1,,,,,,,,,,,,6.2,4.9,1.5,1.2,0.718,,5.953899918,1.307783427,1
GC,22,,B,,,,,,,,,,,,,,,,,,,5.180402564,1.154130769,
GC,23,,B,,,,,,,,,,,,,,,,,,,5.422345867,1.230753452,
GC,24,M,B,1,,,,,,,,,,,,6.2,5.6,1.5,1.2,0.77,,5.295895332,1.258278658,1
GC,25,,B,,,,,,,,,,,,,,,,,,,5.366457061,1.244922896,
GC,26,,B,,,,,,,,,,,,,,,,,,,5.381395562,1.259394575,
GC,27,,B,,,,,,,,,,,,,,,,,,,5.504076336,1.198692112,
GC,28,F,B,1,1.5,1.4,1.6,1.55,1.55,1.5,1.4,1.4,1.35,1.7,86,,,,,4.28,,6.39814416,1.468783012,1
GC,29,,B,,,,,,,,,,,,,,,,,,,5.949352128,1.322920886,
GC,30,F,B,1,0.9,0.8,0.75,0.7,0.9,0.8,0.9,0.75,0.7,0.9,NA,,,,,0.832,,5.169353922,1.162780482,1
GC,31,M,B,1,,,,,,,,,,,,6.8,7.5,1.3,1.4,0.767,,5.366689567,1.145139949,1
GC,32,M,B,1,,,,,,,,,,,,4.5,5.5,1.4,1.3,0.797,,4.586533201,1.129970917,1
GC,33,F,B,1,1.3,1.35,1.6,1.4,1.4,1.4,1.4,1.4,1.45,1.5,71,,,,,3.708,,5.290707692,1.223076923,NA
GC,34,,B,,,,,,,,,,,,,,,,,,,6.207619253,1.392605869,
GC,35,,B,,,,,,,,,,,,,,,,,,,5.096932157,1.169092876,
GC,36,M,B,1,,,,,,,,,,,,4.8,6.7,1.1,1.5,1.005,,6.067328698,1.315344143,1
GC,37,,B,,,,,,,,,,,,,,,,,,,5.444045061,1.270570651,
GC,38,M,B,1,,,,,,,,,,,,8,7,2,1.5,1.238,,6.276852713,1.387617571,1
GC,39,,B,,,,,,,,,,,,,,,,,,,5.304770943,1.397803311,
GC,40,F,B,1,1.8,1.6,1.7,1.7,1.6,1.7,1.6,1.6,1.7,1.6,124,,,,,5.652,,6.154449094,1.462788325,1
GC,41,,B,,,,,,,,,,,,,,,,,,,6.330574466,1.432697214,
GC,42,,B,,,,,,,,,,,,,,,,,,,5.181117099,1.223150603,
GC,43,,B,,,,,,,,,,,,,,,,,,,5.712974516,1.301972333,
GC,44,,B,,,,,,,,,,,,,,,,,,,5.576325857,1.423220311,
GC,45,F,B,1,0.8,0.8,0.9,0.8,0.8,0.8,0.9,0.85,0.9,0.95,78,,,,,0.92,,5.469990719,1.238912846,1
GC,46,,B,,,,,,,,,,,,,,,,,,,5.087698876,1.143677645,
GC,47,,B,,,,,,,,,,,,,,,,,,,6.227839793,1.391433318,
GC,48,,B,,,,,,,,,,,,,,,,,,,4.937199275,1.163859688,
GC,49,,B,,,,,,,,,,,,,,,,,,,5.34871528,1.318790604,
GC,50,,B,,,,,,,,,,,,,,,,,,,5.054295109,1.159024961,
GC,51,,B,,,,,,,,,,,,,,,,,,,5.540830189,1.253988435,
LN,1,M,B,1,,,,,,,,,,,,5.1,5.9,1.3,1.5,0.783,,5.48958935,1.277055859,1
LN,2,M,B,1,,,,,,,,,,,,4.3,4.5,1.3,1.2,0.539,,5.286473237,1.246115504,1
LN,3,M,B,1,,,,,,,,,,,,7,7.4,1.4,1.5,0.785,,5.29143742,1.192167078,1
LN,4,M,B,1,,,,,,,,,,,,8.2,7.5,1.6,1.5,1.225,,5.665570215,1.315790958,1
LN,5,M,B,1,,,,,,,,,,,,5.7,8,1.4,1.3,1.183,,5.292989822,1.198862595,1
LN,6,M,B,1,,,,,,,,,,,,7,5.6,1.05,0.9,0.425,,5.463478372,1.252002545,1
LN,7,M,B,1,,,,,,,,,,,,6.6,5.9,1.2,1.1,0.623,,5.099449809,1.230647154,1
LN,8,M,B,1,,,,,,,,,,,,6,6.1,1,1,0.414,,5.775388102,1.277161988,1
LN,9,M,B,1,,,,,,,,,,,,6.5,6.5,1.2,1,0.797,,5.491907941,1.29226793,1
LN,10,M,B,1,,,,,,,,,,,,NA,NA,NA,NA,0.883,torn,5.267213937,1.279123128,1
LN,11,M,B,1,,,,,,,,,,,,7,6.1,1.2,1.1,0.873,,5.328915279,1.263078702,1
LN,12,M,B,1,,,,,,,,,,,,7,6.8,1.6,1,0.752,,5.353263461,1.20794214,1
LN,13,F,B,1,1,0.9,0.9,1,0.95,0.95,0.9,0.9,0.9,0.7,NA,,,,,1.499,,5.57071685,1.201378587,1
LN,14,M,B,1,,,,,,,,,,,,6.4,5.3,1.4,1.4,0.786,,5.842913454,1.333834161,1
LN,15,M,B,1,,,,,,,,,,,,6.5,6.7,1.6,1.6,0.911,,5.439130203,1.253361865,1
LN,16,M,B,1,,,,,,,,,,,,5.4,4.7,1.3,1.6,1.123,,5.370823077,1.262125641,1
LN,17,M,B,1,,,,,,,,,,,,6.8,5.9,1.5,1.6,1.068,,5.060515996,1.144533864,1
LN,18,M,B,1,,,,,,,,,,,,6.2,7.2,1.2,1.4,0.802,,5.25388706,1.223136724,1
LN,19,M,B,1,,,,,,,,,,,,6.4,7,1.4,1.2,0.933,,4.888603053,1.162338422,1
LN,20,M,B,1,,,,,,,,,,,,4.6,6.4,1.4,1.4,0.781,,5.452570437,1.213695089,1
LN,21,M,B,1,,,,,,,,,,,,6.7,3.8,1.1,1.6,0.873,,5.405964103,1.215482051,1
LN,22,M,B,1,,,,,,,,,,,,6,6,1,1.1,0.577,,5.315877863,1.190936387,1
LN,23,M,B,1,,,,,,,,,,,,4.7,6.1,0.95,1.1,0.465,,5.03945776,1.138841882,1
LN,24,M,B,1,,,,,,,,,,,,6,6.8,1.3,1.3,0.948,,5.05409362,1.146431447,1
LN,25,M,B,1,,,,,,,,,,,,6.6,6.4,1,1.15,0.697,,5.496017949,1.282125641,1
LN,26,M,B,1,,,,,,,,,,,,4.6,6,1.1,0.9,0.578,,4.964224748,1.121621212,NA
LN,27,M,B,1,,,,,,,,,,,,7.2,5.6,1.7,1.2,0.64,,5.452162053,1.192167078,NA
LN,28,M,B,1,,,,,,,,,,,,5.5,5.5,1.5,1.3,0.763,,4.916882952,1.184412214,NA
LN,29,M,B,1,,,,,,,,,,,,,,,,,,5.449381045,1.246707794,2
LN,30,M,B,1,,,,,,,,,,,,,,,,,,4.760742066,1.069354293,2
MB,1,,B,,,,,,,,,,,,,,,,,,,6.231042649,1.287062805,
MB,2,,B,,,,,,,,,,,,,,,,,,,5.182835655,1.15524247,
MB,3,,B,,,,,,,,,,,,,,,,,,,6.056729021,1.262877325,
MB,4,,B,,,,,,,,,,,,,,,,,,,6.342975688,1.385447892,
MB,5,,B,,,,,,,,,,,,,,,,,,,5.718634278,1.206403963,
MB,6,,B,,,,,,,,,,,,,,,,,,,5.021885498,1.163382317,
MB,7,,B,,,,,,,,,,,,,,,,,,,5.881703631,1.298503386,
MB,8,,B,,,,,,,,,,,,,,,,,,,4.997840589,1.042744612,
MB,9,,B,,,,,,,,,,,,,,,,,,,5.101815809,1.14017622,
MB,10,,B,,,,,,,,,,,,,,,,,,,5.490220072,1.25892803,
MB,11,,B,,,,,,,,,,,,,,,,,,,5.416801473,1.258730566,
MB,12,,B,,,,,,,,,,,,,,,,,,,5.639713595,1.265920353,
MB,13,,B,,,,,,,,,,,,,,,,,,,5.507102876,1.218221289,
MB,14,,B,,,,,,,,,,,,,,,,,,,5.773634728,1.390053687,
MB,15,,B,,,,,,,,,,,,,,,,,,,5.918085826,1.280168294,
MB,16,,B,,,,,,,,,,,,,,,,,,,6.150369871,1.436121911,
MB,17,,B,,,,,,,,,,,,,,,,,,,4.993474178,1.169098592,
MB,18,,B,,,,,,,,,,,,,,,,,,,5.218867619,1.152771927,
MB,19,,B,,,,,,,,,,,,,,,,,,,6.037184127,1.345233569,
MB,20,,B,,,,,,,,,,,,,,,,,,,4.042322448,0.944839682,
MB,21,,B,,,,,,,,,,,,,,,,,,,4.835635749,1.069780792,
MB,22,,B,,,,,,,,,,,,,,,,,,,5.637473194,1.307710956,
MB,23,,B,,,,,,,,,,,,,,,,,,,5.385270396,1.2517669,
MB,24,,B,,,,,,,,,,,,,,,,,,,5.2909769,1.184291742,
MB,25,,B,,,,,,,,,,,,,,,,,,,5.420015006,1.272247698,
MB,26,,B,,,,,,,,,,,,,,,,,,,6.260364388,1.370245691,
MB,27,,B,,,,,,,,,,,,,,,,,,,4.605680556,1.069648148,
MB,28,,B,,,,,,,,,,,,,,,,,,,4.596907245,1.034714218,
MB,29,,B,,,,,,,,,,,,,,,,,,,4.906067675,1.129920199,
MB,30,,B,,,,,,,,,,,,,,,,,,,4.762284345,1.048941596,
MB,31,,B,,,,,,,,,,,,,,,,,,,4.922177891,1.174651708,
MB,32,,B,,,,,,,,,,,,,,,,,,,4.68413615,1.098795775,
MB,33,,B,,,,,,,,,,,,,,,,,,,5.320499335,1.28373475,
MB,34,,B,,,,,,,,,,,,,,,,,,,5.593239225,1.192825902,
MB,35,,B,,,,,,,,,,,,,,,,,,,5.141326291,1.141192488,
MB,36,,B,,,,,,,,,,,,,,,,,,,4.170111416,0.893707256,
MB,37,,B,,,,,,,,,,,,,,,,,,,5.338062914,1.155353228,
MB,38,,B,,,,,,,,,,,,,,,,,,,5.314121743,1.202326362,
MH,1,,C,,,,,,,,,,,,,,,,,,,4.128798193,0.897387577,
MH,2,,C,,,,,,,,,,,,,,,,,,,5.005027934,1.081993021,
MH,3,,C,,,,,,,,,,,,,,,,,,,4.946340898,1.020618291,
MH,4,,C,,,,,,,,,,,,,,,,,,,3.225141026,0.738461539,
MH,5,F,C,1,,,,,,,,,,,,,,,,,,4.307871379,1.04664578,2
MH,6,,C,,,,,,,,,,,,,,,,,,,3.545360378,0.805231,
MH,7,F,C,1,,,,,,,,,,,,,,,,,,3.901531325,0.907320886,1
MH,8,,C,,,,,,,,,,,,,,,,,,,4.044481254,0.963677206,
MH,9,F,C,1,,,,,,,,,,,,,,,,,,4.303569506,1.038922586,1
MH,10,F,C,1,,,,,,,,,,,,,,,,,,4.583348076,1.026124234,1
MH,11,M,C,1,,,,,,,,,,,,,,,,,,3.812048056,0.889858419,1
MH,12,,C,,,,,,,,,,,,,,,,,,,4.36684692,0.860396799,
MH,13,,C,,,,,,,,,,,,,,,,,,,4.250233161,0.979494819,
MH,14,,C,,,,,,,,,,,,,,,,,,,4.202119655,0.992068687,
MH,15,,C,,,,,,,,,,,,,,,,,,,4.841316478,1.061854873,
MH,16,M,C,1,,,,,,,,,,,,5,3.8,1,0.8,0.47,,4.561390672,1.078453298,1
MH,17,,C,,,,,,,,,,,,,,,,,,,4.131184527,0.913071792,
MH,18,,C,,,,,,,,,,,,,,,,,,,4.687717949,1.047674359,
MH,19,F,C,1,,,,,,,,,,,,,,,,,,4.55105191,0.938462327,1
MH,20,M,C,1,,,,,,,,,,,,4,5,0.7,1,0.52,,4.11374167,0.955500121,2
MH,21,M,C,1,,,,,,,,,,,,5.2,5.5,1,1.3,0.834,,4.170620924,0.948419493,1
MH,22,M,C,1,,,,,,,,,,,,3.5,3.8,0.9,0.7,0.395,,4.596420262,1.03347856,1
MH,23,,C,,,,,,,,,,,,,,,,,,,4.261829491,0.930193502,
MH,24,,C,,,,,,,,,,,,,,,,,,,5.015986975,1.169315778,
MH,25,,C,,,,,,,,,,,,,,,,,,,4.185469417,0.91286522,
MH,26,F,C,1,,,,,,,,,,,,,,,,,,5.165667294,1.230084121,1
MH,27,,C,,,,,,,,,,,,,,,,,,,4.417696792,0.939663968,
MH,28,F,C,1,,,,,,,,,,,,,,,,,,4.2059928,0.964296998,2
MH,29,M,C,1,,,,,,,,,,,,4.7,4.5,1.3,1.1,0.781,,4.139967942,0.94369482,2
MH,30,,C,,,,,,,,,,,,,,,,,,,4.286212821,0.954066667,
MH,31,F,C,1,,,,,,,,,,,,,,,,,,4.231240625,0.923080473,2
MH,32,,C,,,,,,,,,,,,,,,,,,,3.719925641,0.822112821,
MH,33,,C,,,,,,,,,,,,,,,,,,,4.738930769,1.123089744,
MH,34,,C,,,,,,,,,,,,,,,,,,,3.831712668,0.887944493,
MH,35,M,C,1,,,,,,,,,,,,,,,,,,3.902634021,0.94335567,2
MH,36,M,C,1,,,,,,,,,,,,,,,,,,3.895976923,0.918005128,2
MH,37,,C,,,,,,,,,,,,,,,,,,,4.290680175,0.986175092,
MH,38,,C,,,,,,,,,,,,,,,,,,,3.483834823,0.892355226,
MH,39,,C,,,,,,,,,,,,,,,,,,,4.449651422,1.01607969,
MH,40,,C,,,,,,,,,,,,,,,,,,,4.742820621,1.149432634,
MH,41,,C,,,,,,,,,,,,,,,,,,,4.128939211,0.96984265,
MH,42,,C,,,,,,,,,,,,,,,,,,,4.291115385,0.95105641,
MH,43,,C,,,,,,,,,,,,,,,,,,,4.343731252,1.026148198,
MR,1,M,C,1,,,,,,,,,,,,,,,,,,5.049693743,1.16317779,1
MR,2,F,C,1,,,,,,,,,,,,,,,,,,5.279466626,1.235609211,1
MR,3,F,C,1,,,,,,,,,,,,,,,,,,4.87863175,1.099971191,1
MR,4,M,C,1,,,,,,,,,,,,,,,,,,5.179542917,1.186221313,1
MR,5,,C,,,,,,,,,,,,,,,,,,,5.578518023,1.248121349,
MR,6,,C,,,,,,,,,,,,,,,,,,,4.866806494,1.100723021,
MR,7,F,C,1,,,,,,,,,,,,,,,,,,6.223965807,1.440116215,1
MR,8,F,C,1,,,,,,,,,,,,,,,,,,5.502316259,1.204357876,1
MR,9,M,C,1,,,,,,,,,,,,,,,,,,5.050108381,1.240502739,1
MR,10,F,C,1,,,,,,,,,,,,,,,,,,5.162071965,1.221250024,1
MR,11,,C,,,,,,,,,,,,,,,,,,,4.051354745,0.852387378,
MR,12,,C,,,,,,,,,,,,,,,,,,,4.161568578,0.880448407,
MR,13,,C,,,,,,,,,,,,,,,,,,,4.512209779,0.939792635,
MR,14,M,C,1,,,,,,,,,,,,,,,,,,5.157191075,1.14092742,1
MR,15,M,C,1,,,,,,,,,,,,,,,,,,5.092085076,1.127630251,1
MR,16,,C,,,,,,,,,,,,,,,,,,,3.824002347,0.831105634,
MR,17,F,C,1,,,,,,,,,,,,,,,,,,5.613211268,1.211779343,1
MR,18,M,C,1,,,,,,,,,,,,,,,,,,5.493042631,1.246698506,1
MR,19,,C,,,,,,,,,,,,,,,,,,,3.486003883,0.824042102,
MR,20,,C,,,,,,,,,,,,,,,,,,,4.559597678,0.937041095,
MR,21,,C,,,,,,,,,,,,,,,,,,,4.661708266,0.985990972,
MR,22,,C,,,,,,,,,,,,,,,,,,,5.820309693,1.36236643,
MR,23,,C,,,,,,,,,,,,,,,,,,,5.093463357,1.163141844,
MR,24,,C,,,,,,,,,,,,,,,,,,,5.049825059,1.141931442,
MR,25,,C,,,,,,,,,,,,,,,,,,,4.895101655,1.141931442,
MR,26,,C,,,,,,,,,,,,,,,,,,,5.439884542,1.213252138,
MR,27,,C,,,,,,,,,,,,,,,,,,,5.39007565,1.198602837,
MR,28,,C,,,,,,,,,,,,,,,,,,,4.474857628,0.957658312,
MR,29,,C,,,,,,,,,,,,,,,,,,,4.707139018,1.12342639,
MR,30,,C,,,,,,,,,,,,,,,,,,,4.795088071,1.070917778,
MR,31,,C,,,,,,,,,,,,,,,,,,,4.99961706,1.178913255,
MR,32,,C,,,,,,,,,,,,,,,,,,,4.731735109,1.120739177,
MR,33,,C,,,,,,,,,,,,,,,,,,,5.401563292,1.307596706,
MR,34,,C,,,,,,,,,,,,,,,,,,,5.597613301,1.191543482,
MR,35,,C,,,,,,,,,,,,,,,,,,,5.290718208,1.186486876,
MR,36,,C,,,,,,,,,,,,,,,,,,,4.241141844,0.893869976,
MR,37,,C,,,,,,,,,,,,,,,,,,,5.478681945,1.188687825,
MR,38,,C,,,,,,,,,,,,,,,,,,,3.887095601,0.845614241,
MR,39,,C,,,,,,,,,,,,,,,,,,,3.809527412,0.773842761,
MR,40,,C,,,,,,,,,,,,,,,,,,,5.142978723,1.272846336,
MR,41,,C,,,,,,,,,,,,,,,,,,,4.110101156,0.893622152,
MR,42,,C,,,,,,,,,,,,,,,,,,,5.852168137,1.394971022,
MR,43,,C,,,,,,,,,,,,,,,,,,,4.397304965,0.936196218,
MR,44,,C,,,,,,,,,,,,,,,,,,,4.255742223,0.929659093,
MR,45,,C,,,,,,,,,,,,,,,,,,,4.804811222,1.028561905,
MR,46,,C,,,,,,,,,,,,,,,,,,,4.060504337,0.83170414,
MR,47,F,C,1,,,,,,,,,,,,,,,,,,5.206515,1.167825925,1
MR,48,,C,,,,,,,,,,,,,,,,,,,4.237353166,0.88650177,
MR,49,,C,,,,,,,,,,,,,,,,,,,4.091505828,0.853146853,
MR,50,,C,,,,,,,,,,,,,,,,,,,3.795348112,0.822704374,
MR,51,,C,,,,,,,,,,,,,,,,,,,5.265752914,1.170843823,
MR,52,,C,,,,,,,,,,,,,,,,,,,3.476674948,0.737820978,
MR,53,F,C,1,,,,,,,,,,,,,,,,,,5.959528239,1.269470534,1
MR,54,,C,,,,,,,,,,,,,,,,,,,3.787913494,0.781548716,
MR,55,,C,,,,,,,,,,,,,,,,,,,4.9813479,1.029010988,
MR,56,,C,,,,,,,,,,,,,,,,,,,4.964320419,1.113991109,
MR,57,M,C,1,,,,,,,,,,,,,,,,,,5.660464166,1.257932307,1
MR,58,M,C,1,,,,,,,,,,,,,,,,,,5.553283835,1.253507539,1
MR,59,,C,,,,,,,,,,,,,,,,,,,5.199895785,1.126736331,
MR,60,,C,,,,,,,,,,,,,,,,,,,4.224323944,0.957746479,
MR,61,,C,,,,,,,,,,,,,,,,,,,3.656306186,0.802862159,
MR,62,,C,,,,,,,,,,,,,,,,,,,3.286023575,0.755111934,
MR,63,,C,,,,,,,,,,,,,,,,,,,4.337960913,0.971915245,
MR,64,,C,,,,,,,,,,,,,,,,,,,3.380211341,0.683176776,
MR,65,,C,,,,,,,,,,,,,,,,,,,4.028389671,0.888023474,
MR,66,,C,,,,,,,,,,,,,,,,,,,4.706605907,0.930073891,
MR,67,,C,,,,,,,,,,,,,,,,,,,4.714298122,0.985941315,
MR,68,,C,,,,,,,,,,,,,,,,,,,4.555730229,0.950355901,
MR,69,,C,,,,,,,,,,,,,,,,,,,3.730683709,0.818101724,
PP,1,,W,1,,,,,,,,,,,,,,,,,,3.927623126,0.642398287,
PP2014,1,,W,,,,,,,,,,,,,,,,,,,3.678213293,0.814012644,
PP2014,2,,W,,,,,,,,,,,,,,,,,,,3.645306928,0.824431317,
PP2014,3,,W,,,,,,,,,,,,,,,,,,,3.969656799,0.941595621,
PP2014,4,,W,,,,,,,,,,,,,,,,,,,4.232435149,0.948498086,
PP2014,5,,W,,,,,,,,,,,,,,,,,,,4.086223077,0.941607692,
PP2014,6,,W,,,,,,,,,,,,,,,,,,,3.362914949,0.804190722,
PP2014,7,,W,,,,,,,,,,,,,,,,,,,3.727954635,0.839738824,
PP2014,8,,W,,,,,,,,,,,,,,,,,,,4.30940358,0.922276791,
PP2014,9,,W,,,,,,,,,,,,,,,,,,,4.1641748,0.985975845,
PP2014,10,,W,,,,,,,,,,,,,,,,,,,3.95885181,0.870063204,
PP2014,11,,W,,,,,,,,,,,,,,,,,,,3.836368018,0.874642991,
PP2014,12,,W,,,,,,,,,,,,,,,,,,,3.863107143,0.903119898,
PP2014,13,,W,,,,,,,,,,,,,,,,,,,4.073290293,0.912374841,
PP2014,14,,W,,,,,,,,,,,,,,,,,,,3.532795733,0.893298804,
PP2014,15,,W,,,,,,,,,,,,,,,,,,,3.62117268,0.804139175,
PP2014,16,,W,,,,,,,,,,,,,,,,,,,4.116826425,0.917158031,
PP2014,17,,W,,,,,,,,,,,,,,,,,,,3.976642283,0.953851203,
PP2014,18,,W,,,,,,,,,,,,,,,,,,,5.203797387,1.19506673,
PP2014,19,,W,,,,,,,,,,,,,,,,,,,4.288475789,0.956008256,
PP2014,20,,W,,,,,,,,,,,,,,,,,,,3.906928205,0.887415385,
PP2014,21,,W,,,,,,,,,,,,,,,,,,,4.15135521,0.940482603,
PP2014,22,,W,,,,,,,,,,,,,,,,,,,4.000971743,0.919058205,
PP2014,23,,W,,,,,,,,,,,,,,,,,,,4.141676009,0.902284764,
PP2014,24,,W,,,,,,,,,,,,,,,,,,,3.799848718,0.882289744,
PP2014,25,,W,,,,,,,,,,,,,,,,,,,4.254219645,0.979447261,
PP2014,26,,W,,,,,,,,,,,,,,,,,,,3.75380572,0.882411764,
PP2014,27,,W,,,,,,,,,,,,,,,,,,,3.471615057,0.788920246,
PP2014,28,,W,,,,,,,,,,,,,,,,,,,3.666622223,0.866791451,
PP2014,29,,W,,,,,,,,,,,,,,,,,,,3.805576852,0.92421892,
PP2014,30,,W,,,,,,,,,,,,,,,,,,,4.090697285,0.912490818,
PP2014,31,,W,,,,,,,,,,,,,,,,,,,3.88172165,0.886613402,
PP2014,32,,W,,,,,,,,,,,,,,,,,,,4.051702942,0.969551939,
PP2014,33,,W,,,,,,,,,,,,,,,,,,,4.015199229,0.910397221,
PP2014,34,,W,,,,,,,,,,,,,,,,,,,4.059676158,0.912939578,
PP2014,35,,W,,,,,,,,,,,,,,,,,,,3.903133333,0.871930769,
PP2014,36,,W,,,,,,,,,,,,,,,,,,,3.878096435,0.87984513,
PP2014,37,,W,,,,,,,,,,,,,,,,,,,4.383002564,0.961569231,
PP2014,38,,W,,,,,,,,,,,,,,,,,,,4.223973607,1.015113918,
PP2014,39,,W,,,,,,,,,,,,,,,,,,,5.466041592,1.325624537,
PP2014,40,,W,,,,,,,,,,,,,,,,,,,4.590062706,1.038894501,
PP2014,41,,W,,,,,,,,,,,,,,,,,,,4.374984185,0.945056818,
PP2014,42,,W,,,,,,,,,,,,,,,,,,,4.226347188,0.968998597,
PP2014,43,,W,,,,,,,,,,,,,,,,,,,4.224219695,0.93824211,
PP2014,44,,W,,,,,,,,,,,,,,,,,,,4.130808695,0.960469771,
PP2014,45,,W,,,,,,,,,,,,,,,,,,,4.167021326,0.938476487,
PP2014,46,,W,,,,,,,,,,,,,,,,,,,3.784043207,0.898953679,
PQ2014,1,,C,,,,,,,,,,,,,,,,,,,5.049201947,1.18980292,
PQ2014,2,,C,,,,,,,,,,,,,,,,,,,5.437966381,1.306553839,
PQ2014,3,,C,,,,,,,,,,,,,,,,,,,4.836482226,1.147349189,
PQ2014,4,,C,,,,,,,,,,,,,,,,,,,6.054490196,1.411764706,
PQ2014,5,,C,,,,,,,,,,,,,,,,,,,3.941673966,0.935019465,
PQ2014,6,,C,,,,,,,,,,,,,,,,,,,3.285666334,0.782509792,
PQ2014,7,,C,,,,,,,,,,,,,,,,,,,5.678529766,1.308765721,
PQ2014,8,,C,,,,,,,,,,,,,,,,,,,3.440412214,0.84553944,
PQ2014,9,,C,,,,,,,,,,,,,,,,,,,3.485656431,0.908192001,
PQ2014,10,,C,,,,,,,,,,,,,,,,,,,5.132990124,1.111506173,
PQ2014,11,,C,,,,,,,,,,,,,,,,,,,4.184918821,1.007956498,
PQ2014,12,,C,,,,,,,,,,,,,,,,,,,4.657299213,1.044237876,
PQ2014,13,,C,,,,,,,,,,,,,,,,,,,3.355194872,0.823112821,
PQ2014,14,,C,,,,,,,,,,,,,,,,,,,3.517033333,0.847412821,
PQ2014,15,,C,,,,,,,,,,,,,,,,,,,3.618020672,0.899258398,
PQ2014,16,,C,,,,,,,,,,,,,,,,,,,4.919534032,1.10293595,
PQ2014,17,,C,,,,,,,,,,,,,,,,,,,5.228052675,1.228106595,
PQ2014,18,,C,,,,,,,,,,,,,,,,,,,5.144757353,1.147151961,
PQ2014,19,,C,,,,,,,,,,,,,,,,,,,4.964554745,1.125248175,
PQ2014,20,,C,,,,,,,,,,,,,,,,,,,4.825479605,1.073514131,
PQ2014,21,,C,,,,,,,,,,,,,,,,,,,4.620227941,1.081107843,
PQ2014,22,,C,,,,,,,,,,,,,,,,,,,3.841186245,0.853988786,
PQ2014,23,,C,,,,,,,,,,,,,,,,,,,5.382397059,1.169117647,
PQ2014,24,,C,,,,,,,,,,,,,,,,,,,3.789450475,0.999912831,
PQ2014,25,,C,,,,,,,,,,,,,,,,,,,4.639791574,1.007352743,
PQ2014,26,,C,,,,,,,,,,,,,,,,,,,5.812708791,1.363007425,
PQ2014,27,,C,,,,,,,,,,,,,,,,,,,4.622520408,1.08692602,
PQ2014,28,,C,,,,,,,,,,,,,,,,,,,3.476932692,0.852091172,
PQ2014,29,,C,,,,,,,,,,,,,,,,,,,5.231490191,1.202296347,
PQ2014,30,,C,,,,,,,,,,,,,,,,,,,5.302761983,1.204482647,
PR,1,,B,,,,,,,,,,,,,,,,,,,5.612680751,1.345143193,
PR,2,,B,,,,,,,,,,,,,,,,,,,5.120538574,1.177953541,
PR,3,,B,,,,,,,,,,,,,,,,,,,5.663975641,1.327135701,
PR,4,,B,,,,,,,,,,,,,,,,,,,4.506938095,1.064309524,
PR,5,,B,,,,,,,,,,,,,,,,,,,5.181971631,1.18448227,
PR,6,,B,,,,,,,,,,,,,,,,,,,4.364007092,1.007316785,
PR,7,,B,,,,,,,,,,,,,,,,,,,5.112853893,1.267826418,
PR,8,,B,,,,,,,,,,,,,,,,,,,4.811225532,1.133970719,
PR,9,,B,,,,,,,,,,,,,,,,,,,5.454993007,1.258060606,
PR,10,,B,,,,,,,,,,,,,,,,,,,6.051155259,1.310247715,
PR,11,,B,,,,,,,,,,,,,,,,,,,5.233628571,1.178766667,
PR,12,,B,,,,,,,,,,,,,,,,,,,5.705480472,1.305873843,
PR,13,,B,,,,,,,,,,,,,,,,,,,4.974012585,1.200159044,
PR,14,,B,,,,,,,,,,,,,,,,,,,5.805077465,1.353286385,
PR,15,,B,,,,,,,,,,,,,,,,,,,5.429660267,1.239484427,
PR,16,,B,,,,,,,,,,,,,,,,,,,5.060064383,1.072579273,
PR,17,,B,,,,,,,,,,,,,,,,,,,5.351981857,1.216743349,
PR,18,,B,,,,,,,,,,,,,,,,,,,5.643043688,1.253316922,
PR,19,,B,,,,,,,,,,,,,,,,,,,5.454129119,1.288776581,
PR,20,,B,,,,,,,,,,,,,,,,,,,5.212672957,1.213252138,
PR,21,,B,,,,,,,,,,,,,,,,,,,5.775116136,1.359192603,
PR,22,,B,,,,,,,,,,,,,,,,,,,5.013955039,1.176216107,
PR,23,,B,,,,,,,,,,,,,,,,,,,5.556307232,1.239723857,
PR,24,,B,,,,,,,,,,,,,,,,,,,4.964619385,1.22727896,
PR,25,,B,,,,,,,,,,,,,,,,,,,6.051541922,1.37204261,
PR,26,,B,,,,,,,,,,,,,,,,,,,5.914882831,1.334333893,
PR,27,,B,,,,,,,,,,,,,,,,,,,5.220532248,1.246853597,
PR,28,,B,,,,,,,,,,,,,,,,,,,5.114994607,1.207196954,
PR,29,,B,,,,,,,,,,,,,,,,,,,4.599221616,1.028745737,
PR,30,,B,,,,,,,,,,,,,,,,,,,5.405162041,1.31941959,
PR,31,,B,,,,,,,,,,,,,,,,,,,5.563287188,1.239633651,
PR,32,,B,,,,,,,,,,,,,,,,,,,5.790480187,1.383361305,
PR,33,,B,,,,,,,,,,,,,,,,,,,5.40122444,1.319759773,
PR,34,,B,,,,,,,,,,,,,,,,,,,5.661777117,1.304873869,
PR,35,,B,,,,,,,,,,,,,,,,,,,5.312150275,1.27073764,
PR,36,,B,,,,,,,,,,,,,,,,,,,5.330890517,1.306508517,
PR,37,,B,,,,,,,,,,,,,,,,,,,4.826286176,1.091612658,
PR,38,,B,,,,,,,,,,,,,,,,,,,5.500544601,1.225431925,
PR,39,,B,,,,,,,,,,,,,,,,,,,5.284173709,1.239617371,
PR,40,,B,,,,,,,,,,,,,,,,,,,4.574370406,1.022824466,
PR,41,,B,,,,,,,,,,,,,,,,,,,5.036341785,1.170340672,
PR,42,,B,,,,,,,,,,,,,,,,,,,5.718894583,1.325425869,
PR,43,,B,,,,,,,,,,,,,,,,,,,4.441236753,1.056925234,
PR,44,,B,,,,,,,,,,,,,,,,,,,5.029434943,1.27871651,
PR,45,,B,,,,,,,,,,,,,,,,,,,5.666680063,1.312502512,
PR,46,,B,,,,,,,,,,,,,,,,,,,4.290740688,0.921660763,
PR,47,,B,,,,,,,,,,,,,,,,,,,6.060625601,1.357479037,
PR,48,,B,,,,,,,,,,,,,,,,,,,6.267244604,1.456244604,
PR,49,,B,,,,,,,,,,,,,,,,,,,5.321293966,1.242905543,
PR,50,,B,,,,,,,,,,,,,,,,,,,5.979029121,1.402165658,
PR,51,,B,,,,,,,,,,,,,,,,,,,5.356151927,1.265286982,
PR,52,,B,,,,,,,,,,,,,,,,,,,5.094576002,1.244622658,
PR,53,,B,,,,,,,,,,,,,,,,,,,5.896684387,1.407017853,
PR,54,,B,,,,,,,,,,,,,,,,,,,5.283555274,1.255366882,
PR,55,,B,,,,,,,,,,,,,,,,,,,5.865100435,1.305008617,
PR,56,,B,,,,,,,,,,,,,,,,,,,5.064334029,1.20713267,
PR,57,,B,,,,,,,,,,,,,,,,,,,4.464033444,0.956752047,
PR,58,,B,,,,,,,,,,,,,,,,,,,4.723184168,1.081258879,
PR,59,,B,,,,,,,,,,,,,,,,,,,5.830940142,1.346540924,
PR,60,,B,,,,,,,,,,,,,,,,,,,5.622500554,1.35792526,
PR,61,,B,,,,,,,,,,,,,,,,,,,5.350245589,1.278856982,
PR,62,,B,,,,,,,,,,,,,,,,,,,5.511094563,1.32692435,
PR,63,,B,,,,,,,,,,,,,,,,,,,5.51695,1.328878571,
PR,64,,B,,,,,,,,,,,,,,,,,,,5.990519882,1.308440638,
PR,65,,B,,,,,,,,,,,,,,,,,,,5.536009524,1.285892857,
PR,66,,B,,,,,,,,,,,,,,,,,,,5.144899061,1.232715962,
PR,67,,B,,,,,,,,,,,,,,,,,,,5.275486924,1.190772271,
PR,68,,B,,,,,,,,,,,,,,,,,,,4.259931288,1.00714267,
PR,69,,B,,,,,,,,,,,,,,,,,,,5.564238952,1.232864879,
PR,70,,B,,,,,,,,,,,,,,,,,,,4.829863672,1.085068164,
PR,71,,B,,,,,,,,,,,,,,,,,,,4.549227602,0.9789489,
PR,72,,B,,,,,,,,,,,,,,,,,,,4.506577346,1.04247086,
PR,73,,B,,,,,,,,,,,,,,,,,,,4.793860199,1.135433041,
PR,74,,B,,,,,,,,,,,,,,,,,,,5.981760002,1.380032904,
PR,75,,B,,,,,,,,,,,,,,,,,,,5.333237197,1.198739513,
PR,76,,B,,,,,,,,,,,,,,,,,,,5.256009436,1.241029872,
PR,77,,B,,,,,,,,,,,,,,,,,,,5.842855995,1.304746441,
PR,78,,B,,,,,,,,,,,,,,,,,,,5.523609299,1.347883223,
PR,79,,B,,,,,,,,,,,,,,,,,,,5.524301312,1.276484896,
PR,80,,B,,,,,,,,,,,,,,,,,,,6.221465628,1.457121361,
PR,81,,B,,,,,,,,,,,,,,,,,,,5.354990544,1.248248227,
PR,82,,B,,,,,,,,,,,,,,,,,,,4.738426877,1.119668149,
PR,83,,B,,,,,,,,,,,,,,,,,,,5.770075382,1.24828209,
PR,84,,B,,,,,,,,,,,,,,,,,,,5.094222919,1.190443439,
PR,85,,B,,,,,,,,,,,,,,,,,,,4.848247619,1.150021429,
PR,86,,B,,,,,,,,,,,,,,,,,,,5.552502196,1.285759183,
PR,87,,B,,,,,,,,,,,,,,,,,,,4.483252209,1.099285834,
PR,88,,B,,,,,,,,,,,,,,,,,,,4.290668564,1.021349327,
PR,89,,B,,,,,,,,,,,,,,,,,,,4.751337335,1.134636432,
PR,90,,B,,,,,,,,,,,,,,,,,,,4.321438433,1.035575202,
PR,99,,B,,,,,,,,,,,,,,,,,,,4.340365504,0.992859859,
RT,1,F,W,1,,,,,,,,,,,,,,,,,,4.625122104,1.083308257,
RT,2,,W,,,,,,,,,,,,,,,,,,,4.116368225,0.923965681,
RT,3,,W,,,,,,,,,,,,,,,,,,,4.077262174,0.890355012,
RT,4,,W,,,,,,,,,,,,,,,,,,,3.999351993,0.992862664,
RT,5,,W,,,,,,,,,,,,,,,,,,,4.531581091,1.050678788,
RT,6,,W,,,,,,,,,,,,,,,,,,,4.622499384,1.102592606,
RT,7,,W,,,,,,,,,,,,,,,,,,,4.285673611,1.027777778,
RT,8,,W,,,,,,,,,,,,,,,,,,,4.253513526,1.061397701,
RT,9,,W,,,,,,,,,,,,,,,,,,,4.124229885,1.000094253,
RT,10,,W,,,,,,,,,,,,,,,,,,,3.994443678,0.938158621,
RT,12,,W,,,,,,,,,,,,,,,,,,,4.319467593,0.965377315,
RT,13,,W,,,,,,,,,,,,,,,,,,,3.87734305,0.882765913,
RT,14,,W,,,,,,,,,,,,,,,,,,,4.45280888,1.062268858,
RT,15,,W,,,,,,,,,,,,,,,,,,,4.427946484,0.986207214,
RT,16,,W,,,,,,,,,,,,,,,,,,,3.770738604,0.97300292,
RT,17,,W,,,,,,,,,,,,,,,,,,,4.324638561,0.965688143,
RT,18,,W,,,,,,,,,,,,,,,,,,,4.881629112,1.193725998,
RT,19,,W,,,,,,,,,,,,,,,,,,,4.37933666,0.951659729,
RT,20,M,W,1,,,,,,,,,,,,5,5,1.4,1.4,0.857,,4.227489023,1.034458978,2
RT,21,M,W,1,,,,,,,,,,,,4.5,4.7,1,1.2,0.67,,4.132248717,0.965209401,2
RT,22,M,W,1,,,,,,,,,,,,3.7,5.3,1,1,0.577,,4.204170068,0.891181406,2
RT,23,M,W,1,,,,,,,,,,,,6,6,1.2,1.1,0.686,,4.165391201,1.068555512,2
RT,24,,W,,,,,,,,,,,,,,,,,,,4.262769109,1.020565718,
RT,25,,W,,,,,,,,,,,,,,,,,,,4.766127216,1.089825521,
RT,26,,W,,,,,,,,,,,,,,,,,,,4.018389606,0.980419945,
RT,27,,W,,,,,,,,,,,,,,,,,,,4.449221857,1.062044551,
RT,28,,W,,,,,,,,,,,,,,,,,,,4.010636806,0.889706339,
RT,29,,W,,,,,,,,,,,,,,,,,,,3.880696583,0.919253532,
RT,30,,W,,,,,,,,,,,,,,,,,,,3.941100205,0.945711593,
RT,31,,W,,,,,,,,,,,,,,,,,,,4.569891353,1.098520514,
RT,32,,W,,,,,,,,,,,,,,,,,,,3.570146262,0.933498222,
RT,33,,W,,,,,,,,,,,,,,,,,,,4.153728539,0.96534605,
RT,34,,W,,,,,,,,,,,,,,,,,,,4.020826389,0.944469907,
RT,35,,W,,,,,,,,,,,,,,,,,,,3.703598174,0.88366895,
RT,36,,W,,,,,,,,,,,,,,,,,,,4.416300998,1.034245794,
RT,37,,W,,,,,,,,,,,,,,,,,,,4.201366145,0.986382222,
RT,38,,W,,,,,,,,,,,,,,,,,,,4.35541715,0.994289809,
RT,39,,W,,,,,,,,,,,,,,,,,,,3.454459388,0.785194787,
RT,40,F,W,1,,,,,,,,,,,,,,,,,,5.020744351,1.165511138,2
RT,41,,W,,,,,,,,,,,,,,,,,,,4.378622606,1.056418719,
RT,42,M,W,1,,,,,,,,,,,,5.5,4.5,1.5,1.2,0.544,,4.159652761,0.917413804,2
RT,43,M,W,1,,,,,,,,,,,,4.5,4.4,1.2,1.2,0.529,,4.256296084,0.916571394,2
RT,44,,W,,,,,,,,,,,,,,,,,,,4.661551423,0.958339699,
RT,45,,W,,,,,,,,,,,,,,,,,,,4.638341647,1.048251764,
RT,46,F,W,1,,,,,,,,,,,,,,,,,,4.299418982,1.000023148,2
RT,47,F,W,1,,,,,,,,,,,,,,,,,,5.42305378,1.166412864,1
RT,48,F,W,1,,,,,,,,,,,,,,,,,,4.276545505,1.072192413,2
RT,49,M,W,1,,,,,,,,,,,,4,3.9,1.4,1,0.492,,4.489454791,0.951670124,2
RT,50,F,W,1,,,,,,,,,,,,,,,,,,4.709377098,1.166824842,2
RT,51,,W,,,,,,,,,,,,,,,,,,,4.568335102,1.100725513,
RT,52,,W,,,,,,,,,,,,,,,,,,,4.064196639,0.930153143,
RT,53,,W,,,,,,,,,,,,,,,,,,,3.95322449,0.966081633,
RT,54,F,W,1,,,,,,,,,,,,,,,,,,4.545721164,1.055621398,2
RT,55,F,W,1,,,,,,,,,,,,,,,,,,4.140579853,0.944839682,2
RT,56,,W,,,,,,,,,,,,,,,,,,,4.351576886,0.951026783,
RT,57,,W,,,,,,,,,,,,,,,,,,,4.466189815,1.160055556,
RT,58,,W,,,,,,,,,,,,,,,,,,,4.223799534,1.042170163,
RT,59,,W,,,,,,,,,,,,,,,,,,,4.081832523,0.986231882,
RT,60,M,W,1,,,,,,,,,,,,6.5,3.6,1,1,0.664,,4.326886417,0.971840669,2
RT,61,,W,,,,,,,,,,,,,,,,,,,4.248648019,0.986013986,
RT,62,F,W,1,,,,,,,,,,,,,,,,,,5.301172108,1.236303415,1
RT,63,,W,,,,,,,,,,,,,,,,,,,3.23769376,0.832178737,
RT,64,,W,,,,,,,,,,,,,,,,,,,3.595202801,0.755462169,
RT,65,,W,,,,,,,,,,,,,,,,,,,3.92532634,0.958067599,
RT,66,,W,,,,,,,,,,,,,,,,,,,3.888096244,0.823974178,
RT,67,,W,,,,,,,,,,,,,,,,,,,4.453748577,0.947880168,
RT,68,,W,,,,,,,,,,,,,,,,,,,4.605864802,1.108629371,
RT,69,,W,,,,,,,,,,,,,,,,,,,4.084382798,0.953829831,
RT,70,,W,,,,,,,,,,,,,,,,,,,4.19321165,0.979506218,
RT,71,,W,,,,,,,,,,,,,,,,,,,4.064231394,0.888804288,
RT,72,,W,,,,,,,,,,,,,,,,,,,3.600670249,0.791551502,
RT,73,,W,,,,,,,,,,,,,,,,,,,3.941960648,0.930969907,
RT,74,,W,,,,,,,,,,,,,,,,,,,3.682643705,0.862429058,
RT,75,,W,,,,,,,,,,,,,,,,,,,3.992628655,1.00919612,
SF2014,1,F,B,1,1.6,1.6,1.55,1.6,1.5,1.6,1.6,1.6,1.7,1.5,107,,,,,4.101,,5.417836676,1.27141432,1
SF2014,2,M,B,1,,,,,,,,,,,,5.5,5,1.3,1.3,0.578,,3.908842864,0.935799301,2
SF2014,3,M,B,1,,,,,,,,,,,,6.3,5.5,1.2,1.05,0.667,,4.214292857,0.914285714,2
SF2014,4,F,B,1,NA,NA,NA,NA,NA,NA,NA,NA,NA,NA,,,,,,,eggs disintigrated,3.926423356,0.857148979,2
SF2014,5,F,B,1,1.4,1.4,1.55,1.3,1.5,1.55,1.5,1.55,1.5,1.5,45,,,,,3.08,,4.148077074,0.99285733,2
SF2014,6,,B,,,,,,,,,,,,,,,,,,,3.068854962,0.786592875,
SF2014,7,M,B,1,,,,,,,,,,,,3.2,4,1.3,1.3,0.47,,3.794333954,0.836978235,2
SF2014,8,,B,,,,,,,,,,,,,,,,,,,3.542514077,0.958273079,
SF2014,9,,B,,,,,,,,,,,,,,,,,,,4.660959993,1.102786778,
SF2014,10,F,B,1,1.4,1.4,1.45,1.5,1.45,1.4,1.3,1.45,1.4,1.5,72,,,,,2.799,,4.787011535,1.149112795,2
SF2014,11,,B,,,,,,,,,,,,,,,,,,,4.234061539,1.039141026,
SF2014,12,M,B,1,,,,,,,,,,,,6.7,5.7,1.2,1.3,1.217,,4.78848229,1.130488132,1
SF2014,13,,B,,,,,,,,,,,,,,,,,,,4.360325641,0.98975641,
SF2014,14,,B,,,,,,,,,,,,,,,,,,,4.277863104,0.953957001,
SF2014,15,,B,,,,,,,,,,,,,,,,,,,4.685619492,1.036159591,
SF2014,16,,B,,,,,,,,,,,,,,,,,,,4.154242977,0.903228288,
SF2014,17,,B,,,,,,,,,,,,,,,,,,,4.144339175,0.940464866,
SF2014,18,,B,,,,,,,,,,,,,,,,,,,4.037917463,0.919095909,
SF2014,19,,B,,,,,,,,,,,,,,,,,,,4.490709094,1.076922091,
SF2014,20,,B,,,,,,,,,,,,,,,,,,,3.829886083,0.88861369,
SF2014,21,,B,,,,,,,,,,,,,,,,,,,4.140676022,0.912490818,
SF2014,22,F,B,1,1.5,1.5,1.5,1.5,1.4,1.4,1.4,1.5,1.4,1.5,62,,,,,2.863,,4.661524661,0.983361739,2
SF2014,23,M,B,1,,,,,,,,,,,,4.6,4,1.4,1.2,0.526,,3.866798108,0.910947024,2
SF2014,24,M,B,1,,,,,,,,,,,,5.8,6.1,1.4,1.2,0.697,,4.159511924,0.930193502,2
SF2014,25,M,B,1,,,,,,,,,,,,4.3,4.9,1.3,1.3,0.616,,3.996546561,0.902690965,2
SF2014,26,,B,,,,,,,,,,,,,,,,,,,4.142258974,0.920010256,
SF2014,27,F,B,1,1.4,1.1,1.2,1.5,1.3,1.4,1.3,1.4,1.3,1.45,62,,,,,2.613,,4.191409743,1.02571768,2
SF2014,28,F,B,1,1.3,1.25,1.4,1.5,1.4,1.4,1.4,1.5,1.4,1.5,58,,,,,2.886,,4.585041217,1.102562788,2
SF2014,29,M,B,1,,,,,,,,,,,,5.1,6.2,1.2,1.3,0.622,,4.217622242,0.995446123,2
SF2014,30,F,B,1,1.4,1.3,1.4,1.3,1.3,1.5,1.3,1.5,1.3,NA,37,,,,,2.447,x9,4.142810256,0.9795,2
SF2014,31,,B,,,,,,,,,,,,,,,,,,,4.254272497,0.963959227,
SF2014,32,F,B,1,1.2,1.3,1.2,1,1,1,1.1,1.2,1,1.1,70,,,,,1.575,,4.293781967,0.959510721,2
SF2014,33,M,B,1,,,,,,,,,,,,4.8,NA,1.4,NA,0.69,torn,4.200799444,0.964391661,2
SF2014,34,,B,,,,,,,,,,,,,,,,,,,4.201068604,0.9612476,
SF2014,35,,B,,,,,,,,,,,,,,,,,,,4.280137534,1.087305006,
SF2014,36,,B,,,,,,,,,,,,,,,,,,,4.704073776,1.108735646,
SF2014,36A,,B,,,,,,,,,,,,,,,,,,,3.600709722,0.900267171,
SF2014,37,,B,,,,,,,,,,,,,,,,,,,3.551809879,0.76702273,
SF2014,38,,B,,,,,,,,,,,,,,,,,,,4.815921808,1.08840404,
SF2014,39,,B,,,,,,,,,,,,,,,,,,,4.398550045,0.953126465,
SF2014,40,,B,,,,,,,,,,,,,,,,,,,4.487341478,1.016536955,
SF2014,41,,B,,,,,,,,,,,,,,,,,,,4.270974843,1,
SF2014,42,,B,,,,,,,,,,,,,,,,,,,4.113447028,0.845529716,
SF2014,43,,B,,,,,,,,,,,,,,,,,,,3.935678997,0.945833721,
SF2014,44,,B,,,,,,,,,,,,,,,,,,,4.132933863,0.984953955,
SF2014,45,,B,,,,,,,,,,,,,,,,,,,4.760863175,1.070947897,
SF2014,46,,B,,,,,,,,,,,,,,,,,,,4.096763689,1.015468755,
SF2014,47,,B,,,,,,,,,,,,,,,,,,,4.208600767,0.930720495,
SF2014,48,,B,,,,,,,,,,,,,,,,,,,4.464630208,1.003684896,
SF2014,49,,B,,,,,,,,,,,,,,,,,,,4.426733333,1.024925641,
SF2014,50,,B,,,,,,,,,,,,,,,,,,,4.64786862,1.061940335,
SF2014,51,,B,,,,,,,,,,,,,,,,,,,4.146739075,0.969324021,
SF2014,52,,B,,,,,,,,,,,,,,,,,,,4.214313919,0.984615858,
SF2014,53,,B,,,,,,,,,,,,,,,,,,,4.324920772,1.033060521,
SF2014,54,,B,,,,,,,,,,,,,,,,,,,4.522551186,0.984619763,
SF2014,55,,B,,,,,,,,,,,,,,,,,,,4.575715611,1.023395092,
SF2014,56,,B,,,,,,,,,,,,,,,,,,,4.800478036,1.11627907,
SF2014,57,,B,,,,,,,,,,,,,,,,,,,4.252740295,0.999851322,
SF2014,58,M,B,1,,,,,,,,,,,,5.8,4.9,1.6,1.4,0.849,,4.992343669,1.194426357,1
SF2014,59,,B,,,,,,,,,,,,,,,,,,,4.020099428,0.845330536,
SF2014,60,,B,,,,,,,,,,,,,,,,,,,4.048270583,0.892657872,
SF2014,61,,B,,,,,,,,,,,,,,,,,,,3.677926831,0.876413964,
SF2014,62,,B,,,,,,,,,,,,,,,,,,,3.975101341,0.880242346,
SF2014,63,,B,,,,,,,,,,,,,,,,,,,3.955225641,0.922507692,
SF2014,64,,B,,,,,,,,,,,,,,,,,,,4.366763315,1.016641538,
SF2014,65,,B,,,,,,,,,,,,,,,,,,,4.489757732,1.011373711,
SF2014,66,,B,,,,,,,,,,,,,,,,,,,4.379020619,0.985399485,
SF2014,67,,B,,,,,,,,,,,,,,,,,,,4.439486605,1.006989601,
SF2014,68,,B,,,,,,,,,,,,,,,,,,,4.364345361,0.958886598,
SF2014,69,,B,,,,,,,,,,,,,,,,,,,3.495701031,0.843252577,
SF2014,70,,B,,,,,,,,,,,,,,,,,,,4.688393739,1.056396713,
SF2014,71,,B,,,,,,,,,,,,,,,,,,,4.75914848,1.087019298,
SF2014,72,,B,,,,,,,,,,,,,,,,,,,4.092088563,0.928208613,
SF2014,73,,B,,,,,,,,,,,,,,,,,,,4.152335052,0.912603093,
SF2014,74,,B,,,,,,,,,,,,,,,,,,,4.705734542,1.057304394,
SF2014,75,,B,,,,,,,,,,,,,,,,,,,3.282513204,0.83033601,
SF2014,76,,B,,,,,,,,,,,,,,,,,,,4.487086955,1.00004145,
SF2014,77,,B,,,,,,,,,,,,,,,,,,,4.918590787,1.056706965,
SF2014,78,,B,,,,,,,,,,,,,,,,,,,3.714214106,0.947029473,
SF2014,79,,B,,,,,,,,,,,,,,,,,,,4.262257679,0.928914946,
SF2014,80,,B,,,,,,,,,,,,,,,,,,,3.595648774,0.805181985,
SF2014,81,,B,,,,,,,,,,,,,,,,,,,3.538449507,0.794876989,
SF2014,82,,B,,,,,,,,,,,,,,,,,,,4.671559014,1.097345247,
SF2014,83,F,B,1,1.2,1.3,1.45,1.4,1.35,1.2,1.3,1.3,1.3,1.3,65,,,,,2.422,,4.392097537,1.016004923,2
SF2014,84,,B,,,,,,,,,,,,,,,,,,,3.731839322,0.85142778,
SF2014,85,,B,,,,,,,,,,,,,,,,,,,4.0897,0.97948718,
SF2014,86,,B,,,,,,,,,,,,,,,,,,,4.262256328,0.968248655,
SF2014,87,,B,,,,,,,,,,,,,,,,,,,4.246048376,0.963917991,
SF2014,88,,B,,,,,,,,,,,,,,,,,,,3.901034602,0.917993359,
SF2014,89,,B,,,,,,,,,,,,,,,,,,,4.114221939,0.959196429,
SF2014,90,,B,,,,,,,,,,,,,,,,,,,4.46985477,1.025772864,
SF2014,91,,B,,,,,,,,,,,,,,,,,,,4.066152998,0.938672581,
SF2014,92,,B,,,,,,,,,,,,,,,,,,,3.318575403,0.789748849,
SF2014,93,,B,,,,,,,,,,,,,,,,,,,4.630812426,1.061537673,
SF2014,94,,B,,,,,,,,,,,,,,,,,,,4.24615641,0.974479487,
SF2014,95,,B,,,,,,,,,,,,,,,,,,,4.34966725,1.015177943,
SF2014,96,,B,,,,,,,,,,,,,,,,,,,3.426194872,0.78974359,
SF2014,97,,B,,,,,,,,,,,,,,,,,,,4.420325676,1.004764747,
SF2014,98,,B,,,,,,,,,,,,,,,,,,,4.220027806,0.954082218,
SF2014,99,,B,,,,,,,,,,,,,,,,,,,4.006938422,0.922674864,
SF2014,100,,B,,,,,,,,,,,,,,,,,,,4.521343584,1.019869372,
SF2014,101,,B,,,,,,,,,,,,,,,,,,,4.020691194,0.908163919,
SF2014,102,,B,,,,,,,,,,,,,,,,,,,3.937075183,0.905366634,
SF2014,103,,B,,,,,,,,,,,,,,,,,,,4.292189847,0.966963356,
SF2014,104,,B,,,,,,,,,,,,,,,,,,,4.23890051,0.889528061,
SH,1,F,C,1,,,,,,,,,,,,,,,,,,5.496428152,1.331600366,1
SH,2,M,C,1,,,,,,,,,,,,6.2,4,1.3,1.2,0.462,,4.730160507,1.08795385,1
SH,3,,C,,,,,,,,,,,,,,,,,,,5.753086032,1.383989103,
SH,4,F,C,1,,,,,,,,,,,,,,,,,,5.567718837,1.296927419,1
SH,5,F,C,1,,,,,,,,,,,,,,,,,,6.109937198,1.43523913,2
SH,6,F,C,1,,,,,,,,,,,,,,,,,,4.68400115,1.123743089,2
SH,7,F,C,1,,,,,,,,,,,,,,,,,,5.563429952,1.376830918,1
SH,8,F,C,1,,,,,,,,,,,,,,,,,,5.731736596,1.304392879,1
SH,9,,C,,,,,,,,,,,,,,,,,,,6.00991278,1.340720416,
SH,10,F,C,1,,,,,,,,,,,,,,,,,,5.311472401,1.232042144,1
SH,11,F,C,1,,,,,,,,,,,,,,,,,,5.38119618,1.30931798,1
SH,12,F,C,1,,,,,,,,,,,,,,,,,,5.321683575,1.174270531,1
SH,13,F,C,1,,,,,,,,,,,,,,,,,,4.598944844,1.050458034,2
SH,14,F,C,1,,,,,,,,,,,,,,,,,,4.224680021,1.007246184,2
SH,15,,C,,,,,,,,,,,,,,,,,,,4.956583387,0.946155503,
SH,16,F,C,1,,,,,,,,,,,,,,,,,,5.141405797,1.269130435,1
SH,17,,C,,,,,,,,,,,,,,,,,,,5.536089621,1.275350172,
SH,18,M,C,1,,,,,,,,,,,,7.5,7,1.6,1.5,0.883,,4.872571893,1.165436178,1
SH,19,M,C,1,,,,,,,,,,,,,,,,,,5.05909299,1.165782541,1
SH,20,M,C,1,,,,,,,,,,,,5.8,6.7,1.6,1.4,0.88,,4.79496574,1.065130916,1
SH,21,,C,,,,,,,,,,,,,,,,,,,4.258433333,0.753884615,
SK,1,M,C,1,,,,,,,,,,,,8,7.5,1.3,1.5,1.257,,4.759729517,1.110288693,1
SK,2,,C,,,,,,,,,,,,,,,,,,,5.286850782,1.284463884,
SK,3,,C,,,,,,,,,,,,,,,,,,,5.335586563,1.294573643,
SK,4,F,C,1,,,,,,,,,,,,,,,,,,5.769748718,1.361733333,1
SK,5,,C,,,,,,,,,,,,,,,,,,,5.267028149,1.206073113,
SK,6,,C,,,,,,,,,,,,,,,,,,,5.261168817,1.238154441,
SK,7,F,C,1,,,,,,,,,,,,,,,,,,5.982375027,1.407550265,1
SK,8,M,C,1,,,,,,,,,,,,5.8,6,1.5,1.45,1,,4.881107046,1.147486383,1
SK,9,,C,,,,,,,,,,,,,,,,,,,5.077655933,1.278746077,
SK,10,M,C,1,,,,,,,,,,,,6.2,7.4,1.1,1.1,0.846,,4.721013819,1.069987494,1
SK,11,,C,,,,,,,,,,,,,,,,,,,4.195358703,0.984407578,
SK,12,M,C,1,,,,,,,,,,,,,,,,,,5.373345708,1.292178359,1
SK,13,M,C,1,,,,,,,,,,,,,,,,,,5.451423678,1.253698282,1
SK,14,M,C,1,,,,,,,,,,,,,,,,,,5.346720101,1.284668164,1
SK,15,,C,,,,,,,,,,,,,,,,,,,6.889938813,1.527399667,
SK,17,F,C,1,,,,,,,,,,,,,,,,,,5.308983835,1.191048024,1
SK,18,,C,,,,,,,,,,,,,,,,,,,5.062466303,1.139796198,
SK,19,M,C,1,,,,,,,,,,,,,,,,,,5.14650365,1.204931874,1
SK,20,,C,,,,,,,,,,,,,,,,,,,5.861215912,1.329429164,
SK,21,,C,,,,,,,,,,,,,,,,,,,5.752287105,1.300274939,
SK,22,,C,,,,,,,,,,,,,,,,,,,5.313461293,1.242535119,
SK,23,,C,,,,,,,,,,,,,,,,,,,5.407291667,1.242647059,
SK,24,F,C,1,,,,,,,,,,,,,,,,,,5.415677439,1.31391374,1
SK,25,F,C,1,,,,,,,,,,,,,,,,,,5.547522003,1.301435501,1
SK,26,M,C,1,,,,,,,,,,,,,,,,,,5.177083461,1.157748198,1
SK,27,,C,,,,,,,,,,,,,,,,,,,5.392180945,1.207045662,
SK,28,,C,,,,,,,,,,,,,,,,,,,5.059742093,1.175997567,
SK,29,,C,,,,,,,,,,,,,,,,,,,4.70199823,1.05146675,
SK,30,F,C,1,,,,,,,,,,,,,,,,,,5.323941177,1.213257353,1
SK,31,,C,,,,,,,,,,,,,,,,,,,5.214256835,1.227665346,
SK,32,,C,,,,,,,,,,,,,,,,,,,5.096642182,1.162411712,
SK,33,,C,,,,,,,,,,,,,,,,,,,5.378190124,1.237834568,
SK,34,,C,,,,,,,,,,,,,,,,,,,5.20968156,1.325783757,
SK,35,,C,,,,,,,,,,,,,,,,,,,5.598966938,1.255526008,
SK,36,F,C,1,,,,,,,,,,,,,,,,,,4.426356152,1.117712513,1
SK,37,,C,,,,,,,,,,,,,,,,,,,5.486718137,1.279411765,
SK,38,,C,,,,,,,,,,,,,,,,,,,5.095450858,1.222346947,
SK,39,,C,,,,,,,,,,,,,,,,,,,4.550817518,1.008990268,
SK,40,,C,,,,,,,,,,,,,,,,,,,5.268306492,1.1841568,
SK,41,,C,,,,,,,,,,,,,,,,,,,3.983051804,1.023160826,
SK,42,,C,,,,,,,,,,,,,,,,,,,5.116269231,1.246248718,
SK,43,,C,,,,,,,,,,,,,,,,,,,4.906678732,1.061365687,
SK,44,,C,,,,,,,,,,,,,,,,,,,5.232982575,1.161528363,
SK,45,,C,,,,,,,,,,,,,,,,,,,5.085746505,1.230185681,
SK,46,,C,,,,,,,,,,,,,,,,,,,5.396963824,1.286844961,
SK,47,,C,,,,,,,,,,,,,,,,,,,4.738415741,1.115375937,
SK,48,,C,,,,,,,,,,,,,,,,,,,4.763461233,1.161427114,
SK,49,,C,,,,,,,,,,,,,,,,,,,4.574454659,1.076333741,
SR2014,1,F,B,1,0.7,0.7,0.8,0.7,0.6,0.6,0.9,0.7,0.85,0.6,53,,,,,0.777,,5.05037249,1.05713898,1
SR2014,2,,B,,,,,,,,,,,,,,,,,,,3.743999568,0.859160914,
SR2014,3,,B,,,,,,,,,,,,,,,,,,,3.82449629,0.73061457,
SR2014,4,,B,,,,,,,,,,,,,,,,,,,4.042149146,0.943874689,
SR2014,5,,B,,,,,,,,,,,,,,,,,,,3.947192318,0.908659045,
SR2014,6,,B,,,,,,,,,,,,,,,,,,,3.681568564,0.858162081,
SR2014,7,,B,,,,,,,,,,,,,,,,,,,4.036140734,0.950562047,
SR2014,8,,B,,,,,,,,,,,,,,,,,,,4.872434272,1.155016432,
SR2014,9,,B,,,,,,,,,,,,,,,,,,,4.356632713,1.014057947,
SR2014,10,,B,,,,,,,,,,,,,,,,,,,3.868364158,0.812511285,
SR2014,11,,B,,,,,,,,,,,,,,,,,,,3.600047886,0.80307316,
SR2014,12,,B,,,,,,,,,,,,,,,,,,,4.002882629,0.929683099,
SR2014,13,,B,,,,,,,,,,,,,,,,,,,3.214671362,0.683133803,
SR2014,14,,B,,,,,,,,,,,,,,,,,,,3.992589932,0.922552237,
SR2014,15,F,B,1,1,0.8,0.9,0.6,0.7,0.7,0.9,0.9,0.7,0.7,60,,,,,0.823,,5.182592327,1.112923139,2
SR2014,16,,B,,,,,,,,,,,,,,,,,,,4.638177258,1.049641735,
SR2014,17,,B,,,,,,,,,,,,,,,,,,,3.983653004,0.965406997,
SR2014,18,M,B,1,,,,,,,,,,,,3.5,3.8,1,1.05,0.588,,4.071316785,0.89364539,2
SR2014,19,,B,,,,,,,,,,,,,,,,,,,3.994141844,0.936170213,
SR2014,20,F,B,1,1.5,1.5,1.5,1.45,1.4,1.45,1.4,1.4,1.45,1.35,92,,,,,3.79,,5.248923815,1.246355993,2
SR2014,21,,B,,,,,,,,,,,,,,,,,,,4.26939725,0.929297347,
SR2014,22,,B,,,,,,,,,,,,,,,,,,,4.007441122,0.873245057,
SR2014,23,,B,,,,,,,,,,,,,,,,,,,4.661522459,1.134950355,
SR2014,24,,B,,,,,,,,,,,,,,,,,,,5.287835681,1.155122066,1
SR2014,25,M,B,1,,,,,,,,,,,,3.8,4.2,1.2,0.9,0.484,,3.907931472,0.893707256,2
SR2014,26,,B,,,,,,,,,,,,,,,,,,,3.821801124,0.861806265,
SR2014,27,,B,,,,,,,,,,,,,,,,,,,3.822602722,0.830522138,
SR2014,28,,B,,,,,,,,,,,,,,,,,,,3.935773111,0.885950606,
SR2014,29,,B,,,,,,,,,,,,,,,,,,,3.453839262,0.77566068,
SR2014,30,,B,,,,,,,,,,,,,,,,,,,3.538605634,0.795805164,
SR2014,31,,B,,,,,,,,,,,,,,,,,,,4.304999161,0.971605939,
SR2014,32,,B,,,,,,,,,,,,,,,,,,,3.739974178,0.894809859,
SR2014,33,,B,,,,,,,,,,,,,,,,,,,4.979229314,1.170406619,
SR2014,34,F,B,1,0.7,0.95,0.9,0.9,1,0.95,1,1,0.9,1,55,,,,,1.103,,5.19741784,1.119807512,1
SR2014,35,,B,,,,,,,,,,,,,,,,,,,4.486849765,0.964814554,
SR2014,37,F,B,1,0.8,1,1,1,0.95,1.1,1.1,0.95,1,1,69,,,,,2.049,,7.134782506,1.461009456,1
SR2014,38,,B,,,,,,,,,,,,,,,,,,,4.77459734,1.077727079,
SR2014,39,,B,,,,,,,,,,,,,,,,,,,3.541427334,0.718842941,
SR2014,40,,B,,,,,,,,,,,,,,,,,,,3.944623496,0.859160914,
SR2014,41,,B,,,,,,,,,,,,,,,,,,,3.874777881,0.908537573,
SR2014,42,,B,,,,,,,,,,,,,,,,,,,4.690568075,1.119739437,
SR2014,43,,B,,,,,,,,,,,,,,,,,,,4.817291103,1.077528515,
SR2014,44,,B,,,,,,,,,,,,,,,,,,,4.239809859,0.894394366,
SR2014,45,F,B,1,1.1,1.05,1,1,1.1,1.2,1.1,1,0.9,0.7,47,,,,,1.487,,4.984222222,1.135106383,1
SR2014,46,,B,,,,,,,,,,,,,,,,,,,4.504859212,1.014257313,
SR2014,47,,B,,,,,,,,,,,,,,,,,,,3.556572263,0.767061504,
SR2014,48,,B,,,,,,,,,,,,,,,,,,,4.455416053,0.938829014,
SR2014,49,,B,,,,,,,,,,,,,,,,,,,3.74680466,0.791850445,
SR2014,50,,B,,,,,,,,,,,,,,,,,,,4.326945627,0.96477305,
SR2014,51,M,B,1,,,,,,,,,,,,4.2,4.4,1.05,1,0.393,,3.787472813,0.829787234,2
SR2014,52,,B,,,,,,,,,,,,,,,,,,,4.154519977,0.979410481,
SR2014,53,,B,,,,,,,,,,,,,,,,,,,4.886869976,1.063829787,
SR2014,54,,B,,,,,,,,,,,,,,,,,,,3.707203786,0.793066424,
SR2014,55,,B,,,,,,,,,,,,,,,,,,,4.576571967,0.950782961,
SR2014,56,,B,,,,,,,,,,,,,,,,,,,3.971953776,0.852353578,
SR2014,57,,B,,,,,,,,,,,,,,,,,,,3.969869976,0.900959811,
SR2014,58,F,B,1,1.3,1.2,1,1.05,1.2,1.3,1,1.1,1.1,1.2,48,,,,,2.373,,4.375598283,1.014081796,1
SR2014,59,,B,,,,,,,,,,,,,,,,,,,3.943823682,0.902983857,
SR2014,60,,B,,,,,,,,,,,,,,,,,,,3.674649123,0.880809246,
SR2014,61,,B,,,,,,,,,,,,,,,,,,,4.663049652,1.070525911,
SR2014,62,,B,,,,,,,,,,,,,,,,,,,4.028420065,0.865488132,
SR2014,63,,B,,,,,,,,,,,,,,,,,,,3.739398748,0.823952903,
SR2014,64,,B,,,,,,,,,,,,,,,,,,,3.865174462,0.852041046,
SR2014,65,,B,,,,,,,,,,,,,,,,,,,3.755007042,0.816901409,
SR2014,66,,B,,,,,,,,,,,,,,,,,,,3.79717256,0.783324398,
SR2014,67,,B,,,,,,,,,,,,,,,,,,,3.880307575,0.880223077,
SR2014,68,,B,,,,,,,,,,,,,,,,,,,3.860079812,0.929683099,
SR2014,69,,B,,,,,,,,,,,,,,,,,,,4.486154113,0.950914413,
SR2014,70,,B,,,,,,,,,,,,,,,,,,,4.063526954,0.900533212,
SR2014,71,,B,,,,,,,,,,,,,,,,,,,4.13839627,0.902125874,
SR2014,72,,B,,,,,,,,,,,,,,,,,,,4.045061887,0.846162094,
SR2014,73,,B,,,,,,,,,,,,,,,,,,,3.944410429,0.921990208,
SR2014,74,,B,,,,,,,,,,,,,,,,,,,4.09992648,0.900685798,
SR2014,75,,B,,,,,,,,,,,,,,,,,,,4.489077942,1.015296317,
SR2014,76,F,B,1,1.2,1.2,1.3,1.3,1.1,1.2,1.2,1.1,1.3,1.1,59,,,,,2.782,,5.751813239,1.241134752,NA
SR2014,77,,B,,,,,,,,,,,,,,,,,,,4.796813794,1.070988698,
SR2014,78,,B,,,,,,,,,,,,,,,,,,,4.051474673,0.922000837,
SR2014,79,,B,,,,,,,,,,,,,,,,,,,4.55202381,0.964390476,
SR2014,80,M,B,1,,,,,,,,,,,,4,5.6,0.8,1.2,0.561,,4.11223209,0.978649925,2
SR2014,81,,B,,,,,,,,,,,,,,,,,,,3.626673959,0.753534533,
SR2014,82,,B,,,,,,,,,,,,,,,,,,,3.81905712,0.842956494,
SR2014,83,,B,,,,,,,,,,,,,,,,,,,4.049687793,0.887575117,
SR2014,84,,B,,,,,,,,,,,,,,,,,,,3.583356974,0.822725768,
SR2014,85,,B,,,,,,,,,,,,,,,,,,,3.591798122,0.802847418,
SR2014,86,,B,,,,,,,,,,,,,,,,,,,4.951221127,1.071104534,
SR2014,87,,B,,,,,,,,,,,,,,,,,,,3.887395238,0.93582381,
SR2014,88,F,B,1,1.2,1.25,1.4,1.3,1.2,1.3,1.2,1.3,1.4,1.4,58,,,,,3.372,,4.899551643,1.155272301,1
SR2014,89,F,B,1,1.3,1.2,1.4,1.2,1.2,1.3,1.25,1.3,1.3,1.3,67,,,,,2.924,,4.873225519,1.117256998,1
SR2014,90,,B,,,,,,,,,,,,,,,,,,,4.224352381,0.964285714,
SR2014,91,,B,,,,,,,,,,,,,,,,,,,4.226544347,0.94340528,
SR2014,92,M,B,1,,,,,,,,,,,,4.3,4.5,1.3,1.2,0.575,,4.056744681,0.908799054,2
SR2014,93,,B,,,,,,,,,,,,,,,,,,,4.350092857,0.964390476,
SR2014,94,,B,,,,,,,,,,,,,,,,,,,3.435177809,0.801428332,
SR2014,95,,B,,,,,,,,,,,,,,,,,,,3.44519273,0.767618677,
SR2014,96,F,B,1,0.95,0.8,0.8,0.8,0.9,0.9,0.8,0.8,0.8,0.9,47,,,,,0.942,,5.013693486,1.049286221,1
SR2014,97,,B,,,,,,,,,,,,,,,,,,,5.120104895,1.118902098,
SR2014,98,,B,,,,,,,,,,,,,,,,,,,3.652668878,0.893779119,
SR2014,99,,B,,,,,,,,,,,,,,,,,,,3.907202381,0.88597381,
SR2014,100,,B,,,,,,,,,,,,,,,,,,,4.092864286,0.893114286,
SR2014,101,,B,,,,,,,,,,,,,,,,,,,3.782247407,0.901631648,
SR2014,102,,B,,,,,,,,,,,,,,,,,,,4.312056738,0.986224586,
SR2014,103,,B,,,,,,,,,,,,,,,,,,,4.534537458,0.97162425,
SR2014,104,,B,,,,,,,,,,,,,,,,,,,4.071347923,0.95774757,
SR2014,105,F,B,1,0.9,0.8,0.8,0.8,0.8,0.7,0.9,0.8,0.7,0.8,39,,,,,0.977,,3.874116749,0.879438123,2
SR2014,106,,B,,,,,,,,,,,,,,,,,,,4.232819769,0.958065167,
SR2014,107,F,B,1,1.1,1,0.95,0.9,1.05,1.1,1,1.05,1.1,1.1,40,,,,,1.976,,4.277153859,0.964544975,2
SR2014,108,,B,,,,,,,,,,,,,,,,,,,3.654377782,0.823162991,
SR2014,109,,B,,,,,,,,,,,,,,,,,,,3.992660321,0.886888567,
SR2014,110,,B,,,,,,,,,,,,,,,,,,,4.20076379,0.92857568,
SR2014,111,,B,,,,,,,,,,,,,,,,,,,4.136016667,0.900028571,
SR2014,112,,B,,,,,,,,,,,,,,,,,,,4.390528852,1.04983322,
SR2014,113,F,B,1,1,1,1,1.05,0.95,0.9,0.9,0.9,0.95,1,117,,,,,1.358,,5.542256934,1.248180445,1
SR2014,114,M,B,1,,,,,,,,,,,,5.2,6,1.4,1.4,0.583,,3.957666239,0.843527925,2
SR2014,115,,B,,,,,,,,,,,,,,,,,,,3.617038328,0.802182449,
SR2014,116,,B,,,,,,,,,,,,,,,,,,,3.803450386,0.828825912,
SR2014,117,,B,,,,,,,,,,,,,,,,,,,3.949698007,0.821375431,
SR2014,118,,B,,,,,,,,,,,,,,,,,,,3.500066667,0.828847619,
SR2014,119,,B,,,,,,,,,,,,,,,,,,,3.701385334,0.82184205,
SR2014,120,M,B,1,,,,,,,,,,,,4.8,3.9,1,1.1,0.38,,3.822602722,0.872433577,2
SR2014,121,,B,,,,,,,,,,,,,,,,,,,3.742766261,0.785986558,
SR2014,122,,B,,,,,,,,,,,,,,,,,,,3.650749623,0.76456569,
SR2014,123,,B,,,,,,,,,,,,,,,,,,,3.858218817,0.865951476,
SR2014,124,,B,,,,,,,,,,,,,,,,,,,6.598017546,1.589892461,
SR2014,125,F,B,1,1.5,1.55,1.5,1.55,1.55,1.6,1.6,1.6,1.6,1.5,122,,,,,4.235,,5.980241135,1.397810875,1
SR2014,126,,B,,,,,,,,,,,,,,,,,,,4.874076561,1.141901747,
SR2014,127,,B,,,,,,,,,,,,,,,,,,,4.149232394,0.901518779,
SR2014,128,M,B,1,,,,,,,,,,,,4,3.8,0.8,0.7,0.36,,3.457774648,0.753652582,1
SR2014,129,,B,,,,,,,,,,,,,,,,,,,3.894291462,0.873216889,
SR2014,130,F,B,1,1,1,1,1,1.05,1,1,1,1.05,0.95,91,,,,,1.712,,5.471992857,1.178657143,1
SR2014,131,F,B,1,1.4,1.3,1.4,1.5,1.3,1.3,1.3,1.5,1.5,1.45,42,,,,,2.569,,3.618801418,0.81563357,2
SR2014,132,,B,,,,,,,,,,,,,,,,,,,3.781748826,0.823974178,
SR2014,133,F,B,1,1.5,1.5,1.2,1.3,1.3,1.5,1.4,1.3,1.3,1.3,43,,,,,2.101,,4.32231462,0.957152006,1
SR2014,134,,B,,,,,,,,,,,,,,,,,,,3.817311439,0.936527385,
SR2014,135,,B,,,,,,,,,,,,,,,,,,,4.680705428,1.014156911,
SR2014,136,,B,,,,,,,,,,,,,,,,,,,3.704991527,0.845456551,
SR2014,137,M,B,1,,,,,,,,,,,,3.7,3.5,1.2,1.1,0.652,,3.782633803,0.880535211,2
SR2014,138,,B,,,,,,,,,,,,,,,,,,,4.071704991,0.915557752,
SR2014,139,,B,,,,,,,,,,,,,,,,,,,3.893280352,0.872511778,
SR2014,140,,B,,,,,,,,,,,,,,,,,,,4.448326403,0.978723958,
SR2014,141,F,B,1,0.95,1,1,1,1.05,1.1,1,0.95,1.1,1.2,37,,,,,1.82,,4.220238771,0.936600473,2
SR2014,142,,B,,,,,,,,,,,,,,,,,,,4.627103286,1.035307512,
SR2014,143,,B,,,,,,,,,,,,,,,,,,,4.057535211,0.831253521,
SR2014,144,F,B,1,1,0.95,0.95,1,0.9,0.8,1,1.1,1.1,0.7,58,,,,,0.985,,4.883472813,1.036068558,1
SR2014,145,,B,,,,,,,,,,,,,,,,,,,4.267640976,0.936701165,
SR2014,146,,B,,,,,,,,,,,,,,,,,,,4.448680751,0.972061033,
SR2014,147,,B,,,,,,,,,,,,,,,,,,,4.007587881,0.907820245,
SR2014,148,F,B,1,1.25,1.25,1.25,1.2,1.4,1.3,1.3,1.2,1.1,1.3,63,,,,,2.167,,4.077215392,0.936633008,2
SR2014,149,F,B,1,1.4,1.25,1.35,1.4,1.3,1.4,1.3,1.25,1.25,1.3,85,,,,,2.442,,4.283512722,0.936252249,2
SR2014,150,,B,,,,,,,,,,,,,,,,,,,3.908562123,0.85134343,
SR2014,151,,B,,,,,,,,,,,,,,,,,,,5.817023504,1.429695477,
SR2014,152,,B,,,,,,,,,,,,,,,,,,,4.256877934,0.91592723,
SR2014,153,,B,,,,,,,,,,,,,,,,,,,3.822801418,0.887234043,
SR2014,154,,B,,,,,,,,,,,,,,,,,,,4.262691972,0.979266883,
SR2014,155,,B,,,,,,,,,,,,,,,,,,,4.667602025,1.021349327,
SR2014,156,,B,,,,,,,,,,,,,,,,,,,3.940165524,0.915646814,
SR2014,157,,B,,,,,,,,,,,,,,,,,,,5.257009936,1.153712641,
SR2014,158,,B,,,,,,,,,,,,,,,,,,,4.418894544,0.986198941,
SR2014,159,M,B,1,,,,,,,,,,,,7.8,7.3,1.5,1.3,2.226,,6.056874118,1.367051555,1
SR2014,160,,B,,,,,,,,,,,,,,,,,,,4.30141533,0.96492999,
SR2014,161,,B,,,,,,,,,,,,,,,,,,,3.800892019,0.831016432,
SR2014,162,,B,,,,,,,,,,,,,,,,,,,3.568738835,0.830994974,
SR2014,163,,B,,,,,,,,,,,,,,,,,,,3.885721429,0.872480952,
SR2014,164,,B,,,,,,,,,,,,,,,,,,,3.859632329,0.865051903,
SR2014,165,,B,,,,,,,,,,,,,,,,,,,4.199628206,0.888241065,
SR2014,166,,B,,,,,,,,,,,,,,,,,,,4.343229314,1.007316785,
SR2014,167,,B,,,,,,,,,,,,,,,,,,,3.75435627,0.808614906,
SR2014,168,,B,,,,,,,,,,,,,,,,,,,4.117637808,0.908537573,
SR2014,169,,B,,,,,,,,,,,,,,,,,,,4.164839658,0.88703273,
SR2014,170,,B,,,,,,,,,,,,,,,,,,,3.870051552,0.852037572,
SR2014,171,,B,,,,,,,,,,,,,,,,,,,3.499916669,0.768393304,
SR2014,172,,B,,,,,,,,,,,,,,,,,,,4.089933806,0.859534598,
SR2014,173,,B,,,,,,,,,,,,,,,,,,,3.964648984,0.894904301,
SR2014,174,,B,,,,,,,,,,,,,,,,,,,4.163229798,0.858251913,
SR2014,175,,B,,,,,,,,,,,,,,,,,,,4.237322434,0.94494233,
SR2014,176,,B,,,,,,,,,,,,,,,,,,,3.914552421,0.915048825,
SR2014,177,,B,,,,,,,,,,,,,,,,,,,3.867750484,0.843949685,
SR2014,178,,B,,,,,,,,,,,,,,,,,,,4.33588961,0.979955604,
SR2014,179,,B,,,,,,,,,,,,,,,,,,,3.532683547,0.765937529,
SR2014,180,,B,,,,,,,,,,,,,,,,,,,3.717659873,0.810112884,
SR2014,181,,B,,,,,,,,,,,,,,,,,,,3.864780952,0.800030952,
SR2014,182,,B,,,,,,,,,,,,,,,,,,,4.066789355,0.944057783,
SR2014,183,,B,,,,,,,,,,,,,,,,,,,4.179517335,0.935644684,
SR2014,184,,B,,,,,,,,,,,,,,,,,,,4.073033333,0.914535714,
SR2014,185,,B,,,,,,,,,,,,,,,,,,,4.78861344,1.001187763,
SR2014,186,,B,,,,,,,,,,,,,,,,,,,3.978467231,0.871670028,
SR2014,187,,B,,,,,,,,,,,,,,,,,,,3.441440819,0.735695018,
SR2014,188,,B,,,,,,,,,,,,,,,,,,,3.637768107,0.790194394,
SR2014,189,,B,,,,,,,,,,,,,,,,,,,4.471675742,0.972348343,
SR2014,190,,B,,,,,,,,,,,,,,,,,,,3.796052971,0.888241065,
SR2014,191,,B,,,,,,,,,,,,,,,,,,,4.347718721,0.964996209,
SR2014,192,,B,,,,,,,,,,,,,,,,,,,3.38888009,0.794751361,
SR2014,193,,B,,,,,,,,,,,,,,,,,,,3.922660207,0.887682435,
SR2014,194,,B,,,,,,,,,,,,,,,,,,,3.852431734,0.837609424,
SR2014,195,,B,,,,,,,,,,,,,,,,,,,3.512051834,0.786381547,
SR2014,196,,B,,,,,,,,,,,,,,,,,,,4.381654378,0.957447915,
SR2014,197,,B,,,,,,,,,,,,,,,,,,,3.602891264,0.837976068,
TC,1,,B,,,,,,,,,,,,,,,,,,,5.810489261,1.387834804,
TC,2,,B,,,,,,,,,,,,,,,,,,,6.823292128,1.484137548,
TC,3,,B,,,,,,,,,,,,,,,,,,,6.085148764,1.440732974,
TC,4,,B,,,,,,,,,,,,,,,,,,,6.971196429,1.479591837,
TC,5,,B,,,,,,,,,,,,,,,,,,,5.206894089,1.229541942,
TC,6,,B,,,,,,,,,,,,,,,,,,,5.598784602,1.274451641,
TC,7,,B,,,,,,,,,,,,,,,,,,,6.326036749,1.512646566,
TC,8,,B,,,,,,,,,,,,,,,,,,,5.745934027,1.343728927,
TC,9,,B,,,,,,,,,,,,,,,,,,,4.927950034,1.215708898,
TC,10,,B,,,,,,,,,,,,,,,,,,,5.202648874,1.154208362,
TC,11,,B,,,,,,,,,,,,,,,,,,,5.651641089,1.421465673,
TC,12,,B,,,,,,,,,,,,,,,,,,,4.950108932,1.150209445,
TC,13,,B,,,,,,,,,,,,,,,,,,,4.877679772,1.162164529,
TC,14,,B,,,,,,,,,,,,,,,,,,,5.361965178,1.326413227,
TC,15,,B,,,,,,,,,,,,,,,,,,,5.635195423,1.247501965,
TC,16,,B,,,,,,,,,,,,,,,,,,,5.116923751,1.113387714,
TC,17,,B,,,,,,,,,,,,,,,,,,,5.721977923,1.314013923,
TC,18,,B,,,,,,,,,,,,,,,,,,,5.76838367,1.315583435,
TC,19,,B,,,,,,,,,,,,,,,,,,,5.374299329,1.221593677,
TC,20,,B,,,,,,,,,,,,,,,,,,,5.330322577,1.280484866,
TC,21,,B,,,,,,,,,,,,,,,,,,,5.543560106,1.354231967,
TC,13A,,B,,,,,,,,,,,,,,,,,,,5.546421859,1.195512549,
